time,Delta T=0.05 MSRD,Delta T=0.05 stdv MSRD,Delta T=0.1 MSRD,Delta T=0.1 stdv MSRD,Delta T=0.15 MSRD,Delta T=0.15 stdv MSRD,Delta T=0.2 MSRD,Delta T=0.2 stdv MSRD,Delta T=0.225 MSRD,Delta T=0.225 stdv MSRD,Delta T=0.25 MSRD,Delta T=0.25 stdv MSRD,Delta T=0.3 MSRD,Delta T=0.3 stdv MSRD
0.0,0.0,0.0,0.0,0.0,0.0,0.0,0.0,0.0,0.0,0.0,0.0,0.0,0.0,0.0
0.5,1.1547217263666666e-5,8.962388242564919e-8,4.437594176066655e-5,3.6869992638776465e-7,0.00010857488681366655,8.499724612925619e-7,0.0002298724815516672,1.60081601493417e-6,0.0003111622854680003,1.8176634383074578e-6,0.00040903009839733364,2.4129598337180653e-6,0.0006347135768496663,2.746207855780293e-6
1.0,4.216971124999995e-5,2.8804349406878977e-7,0.00016226942389766652,1.2790019529710225e-6,0.00039712300112033417,3.115367072356452e-6,0.0008398020450029988,5.044886133021023e-6,0.0011361387006243334,6.477416434892129e-6,0.0014880312561523338,9.42243121561316e-6,0.00229181768938867,9.42352801354531e-6
1.5,8.731902376166636e-5,5.424862494200569e-7,0.0003364295939573335,2.5211313983074485e-6,0.0008239288059210015,6.734679914841613e-6,0.0017400659939760018,1.0795069098131562e-5,0.0023539354571566655,1.3760321781390464e-5,0.0030728703763333357,2.3023410013309274e-5,0.004703763514779003,1.8746583049698257e-5
2.0,0.00014349538861766674,8.288850736177026e-7,0.0005538557728876668,4.110285018969038e-6,0.0013574569434536652,1.2583059413244674e-5,0.002865241515361998,1.696754788907973e-5,0.003870132396580669,2.2085863933664353e-5,0.0050398085486809945,4.071996728529743e-5,0.007678753604835011,3.199804316815583e-5
2.5,0.0002079951108186666,1.1112420538581516e-6,0.0008045774263490001,6.4031196568755355e-6,0.0019723725371930036,2.042004346164193e-5,0.004160547550018666,2.489823160202376e-5,0.00561304768278634,3.063456289539582e-5,0.007292908676509006,5.989894008429921e-5,0.011063241490895683,4.697505050120837e-5
3.0,0.0002786977181139997,1.3057938201742968e-6,0.0010803185844346648,8.924467393775367e-6,0.00264906018964766,2.9609344904398018e-5,0.005585944763737665,3.24698069768835e-5,0.007526558860421995,4.085460669901012e-5,0.009755566230609329,7.793569719342729e-5,0.014738771276771664,6.540494111305241e-5
3.5,0.00035373551219899994,1.5625460895508879e-6,0.0013742740326616652,1.1578588561860703e-5,0.003372517444658656,3.954091521201942e-5,0.00710883936790233,4.038947343620286e-5,0.009564748386626997,5.249912846234195e-5,0.012370795923856676,9.704016997486612e-5,0.018621898532682347,9.022934743548893e-5
4.0,0.0004316925021196661,1.8836076842458394e-6,0.0016811184069106652,1.4331451132536869e-5,0.004128528959458333,5.056178701665938e-5,0.008701969010739675,5.221869508042332e-5,0.01168814222341598,6.65409372403086e-5,0.015090748395390638,0.00011662009188807865,0.02263581048166465,0.00011867442867371666
4.5,0.000511621816257667,2.2446141049636143e-6,0.0019960861794816637,1.6849295024444532e-5,0.004906512303646003,6.124175427654142e-5,0.01034353149350066,6.267806394430578e-5,0.013872036455306653,7.794787808589023e-5,0.017883726181668357,0.0001344119755065847,0.02672650502574965,0.0001451471522612205
5.0,0.0005925994413516672,2.7267641829042324e-6,0.002316103328532336,1.9798196238020255e-5,0.005698639805332325,6.939995015136867e-5,0.012010937921434338,7.417002674230628e-5,0.016092769553545338,8.974200259342998e-5,0.020721299570857374,0.00014732325783236032,0.03085805198908636,0.00018719663814350507
5.5,0.000674064187966335,3.3527070936893314e-6,0.002638469598713001,2.2438541599855483e-5,0.006496980923708659,7.602422347000566e-5,0.013692003365627,8.581681167536075e-5,0.018330211400812632,0.00010316696852809161,0.023576416811059348,0.0001558696552324302,0.03500454363411938,0.00023230274046985916
6.0,0.0007553887902139999,3.981015928729173e-6,0.0029611872044376713,2.4696501480423666e-5,0.007295538677198664,8.051641623802617e-5,0.015375287012489981,9.534724372265863e-5,0.020570305400123588,0.00012235657941598427,0.026434097728174694,0.00016362952005266143,0.03914280684172234,0.0002748030957327512
6.5,0.0008360384329910027,4.774479115268807e-6,0.0032818203235806666,2.714465982442403e-5,0.008091955111207657,8.431695557288273e-5,0.01705211667899936,0.00010351323747464686,0.02280670208260168,0.00014731142131629038,0.029277152970570326,0.00017470833208199014,0.043248961278069355,0.0003171312902519553
7.0,0.0009156707922896684,5.3087353498048786e-6,0.003599972071645332,2.9587399601161737e-5,0.008881483609047993,8.971629109066887e-5,0.018715004274829656,0.00010970367528119883,0.025026964400124002,0.00016517954838980207,0.03208609894563104,0.00019479329211981628,0.04732216749138437,0.0003670599765750092
7.5,0.0009938678883676685,5.9620365958468124e-6,0.003914139013341324,3.1917807106488874e-5,0.009661212169238322,9.53348467090699e-5,0.020361120924131327,0.0001138736415457113,0.027218687580678295,0.00017633973651076784,0.0348621983941717,0.00021092401137096401,0.05134733373572603,0.0004259309258167407
8.0,0.0010705955826279996,6.715975859849703e-6,0.004221787045655996,3.389194263630554e-5,0.010428825359105333,0.00010092097658873279,0.021988397254041663,0.000122384571548063,0.029379587080051662,0.0001822531659717931,0.037599796552087984,0.00023539558404576214,0.05532332858717268,0.0004920578503984895
8.5,0.001145691836474667,7.341940604280538e-6,0.004522984287283336,3.567329679808699e-5,0.011180174248549354,0.00010569635396280632,0.02359037051618837,0.0001264570390159818,0.03150860652308434,0.0001923563868844605,0.04029739094149965,0.00025471018247763327,0.05926185389197895,0.0005432606987596498
9.0,0.0012188051641540002,8.005536567623993e-6,0.004817242261157994,3.6718407379240106e-5,0.011912148557083328,0.00010930624404724011,0.02516806346616035,0.0001352319058456478,0.033593086156124684,0.0002000137411286047,0.042943112757852356,0.00028015648892604157,0.06314158129525245,0.0006059359959062236
9.5,0.0012898797260226663,8.83666625436854e-6,0.005103832778964329,3.82008326968884e-5,0.012626893816188017,0.00011468999620562328,0.026721150990381373,0.0001491469826355629,0.03563344694192572,0.00021401826442387972,0.045558038552227384,0.0003087855545001211,0.06695517886364874,0.0006656256440009074
10.0,0.001358933473519665,9.842030542470181e-6,0.005383086400266337,3.918453539408937e-5,0.01332179431189099,0.0001230618598906157,0.02824789929103904,0.0001649639610284044,0.03764151308486127,0.00022877632587913518,0.048133419266097356,0.00034823602437181027,0.07070052705527237,0.0007059711146998751
11.0,0.0014909732191899989,1.1266548914281181e-5,0.0059173126447050065,4.1605684304529354e-5,0.014657001739566014,0.0001451152850925513,0.031187758822398028,0.00021140394036581542,0.04155506389212612,0.0002549636147729041,0.053149201677054655,0.0004299117189896217,0.07802127206107397,0.000799026636339146
12.0,0.0016139382687866668,1.255803860260209e-5,0.006419520272316337,4.634788575031198e-5,0.0159300316000377,0.00016357452307691622,0.0339891130833693,0.0002605760173741566,0.04530924633200496,0.00027171529896648786,0.05794957511299301,0.00048443784628833335,0.0850972448947402,0.0009159061040729686
13.0,0.0017286716347039955,1.3287977175623355e-5,0.006888255201422343,5.188216321780809e-5,0.017125811943237645,0.00018390113057774953,0.03667344954585863,0.00030338514994919584,0.048903069852607776,0.00031901125275310774,0.06254079621302328,0.0005171916827767163,0.09189572642378618,0.001026969871868237
14.0,0.0018354301188940043,1.4144169522198034e-5,0.007327830265788007,5.965618034264895e-5,0.018255906774863013,0.00020409792616677173,0.03922803433883578,0.0003375364982939788,0.05236885298522135,0.0003530010490241748,0.06693878712039869,0.0005342037856488519,0.09850099163223587,0.0011640916878250768
15.0,0.0019340432963653325,1.4716103264569951e-5,0.007739040083453678,6.629904828114397e-5,0.01931564625595904,0.00022150851837336375,0.04167283601742399,0.0003785357861141428,0.055717826687158675,0.0004000872559449521,0.07123372160297735,0.0005798006241991906,0.10496233133956727,0.0012746362232388705
16.0,0.0020249432205046622,1.5369976833649133e-5,0.008122125566576011,7.02768396500181e-5,0.020308266429955698,0.00024130548565176534,0.044018101285972944,0.0004280328544593529,0.05895405363852541,0.00044204903929459093,0.0753958713066737,0.0006399868526172809,0.11122106652976281,0.0013637677943102808
17.0,0.0021098213706750007,1.6468652431185323e-5,0.008478847988311673,7.731589961450983e-5,0.02123700043493165,0.0002516540758441651,0.04625842923361709,0.00047189989999159255,0.06208004797333502,0.0004806098343262324,0.07944433339228203,0.0006948399908533138,0.11732131647322448,0.0014714069842684588
18.0,0.0021880757255946623,1.7789657315859747e-5,0.008810132729036996,8.209855192598214e-5,0.022115652059050656,0.0002670382347791189,0.048414130139408366,0.0004845075773338348,0.06509829644911856,0.0005310960378372982,0.08337431809747917,0.0007263659875255153,0.12333122436807031,0.0015676671349421608
19.0,0.002260502034530331,1.8133186798550763e-5,0.009115127144408012,8.805934463368036e-5,0.022934281122910995,0.00028296778348030376,0.050470283588784005,0.0005012612179900694,0.06802152927928254,0.0005701776365641605,0.08720356481194504,0.0007656938445169574,0.12928445214991838,0.0016964068110836507
20.0,0.0023270166469163372,1.8194446898067606e-5,0.00939785892757898,9.18740298024589e-5,0.023703764782144397,0.0002953832383464059,0.05244423759542692,0.000539572039810725,0.07085062441520319,0.0006280705086266412,0.09091768285484131,0.0007872055372698644,0.13517126992440123,0.0018001395014414978
21.0,0.002388293173470337,1.7683231913480983e-5,0.009662491750160663,9.500366437744969e-5,0.024430139192852675,0.0003055859257466939,0.054345906394300716,0.0005609132030275179,0.07359741276954206,0.0006768556664367587,0.09453924552259148,0.0007876647555260854,0.1409458997103967,0.0019089857800977123
22.0,0.0024442830973789996,1.7296215048052775e-5,0.009907581360589328,9.83474207699536e-5,0.02511506206445094,0.00031669825814013163,0.05619275181694909,0.0005731217659816444,0.07626633362372753,0.0007298337306740104,0.09811941972071023,0.0008096815301736587,0.14668048417953242,0.001977711837256585
23.0,0.002496251344242003,1.7195907536062133e-5,0.010129234753890664,0.00010237921369477268,0.02576036741108301,0.000335422346428846,0.05796154223937975,0.0005781498718678744,0.0788484981893416,0.0007705121585372723,0.10164809019204613,0.0008313832627264146,0.15237611022783676,0.002025512661772953
24.0,0.0025443229844983343,1.7275340956950193e-5,0.010336520024053662,0.00010656432921926827,0.02637263487923328,0.0003516317740417477,0.05968502083941032,0.000624568474110965,0.08137440644391389,0.0008067076418156866,0.10511526806322859,0.0008164766676193245,0.15804325867287106,0.00213728817973753
25.0,0.002588240802683667,1.617757647147978e-5,0.010526150781349672,0.00011231220093333515,0.026958522952689974,0.0003653636325493561,0.061379994127032295,0.0006794117369941817,0.0838373444072244,0.0008275655923302343,0.10852426622340601,0.0008222100279280204,0.16360968958594904,0.0022609911538345635
26.0,0.0026287192389523283,1.3992085581918824e-5,0.010705844348979345,0.00011745717378706831,0.027503974343761655,0.0003834193826036479,0.06306290182781366,0.0007281755714589889,0.08626209715548097,0.0008391443229861201,0.11189324407413452,0.0008315499212842257,0.16911627090789988,0.002323848237258561
27.0,0.0026655846234516687,1.236432285439381e-5,0.010871762158409326,0.0001240252874312045,0.028021204853365723,0.00040625039064108766,0.06471030325455462,0.0007768617115729317,0.08864524522631881,0.0008737234055465143,0.11522569424699776,0.0008499519455301064,0.17459018224206838,0.0024579584667644558
28.0,0.002700819000344662,1.2286540284242998e-5,0.01102650433869234,0.00012747053181300406,0.02851057316693931,0.0004319508561083144,0.06632054967368374,0.0008199718476433254,0.0909876779992639,0.0009015433405321781,0.11853413366340973,0.000876107730576194,0.1800791218601083,0.0025567447706025745
29.0,0.0027329776767536663,1.255342906076257e-5,0.011171308094045334,0.00012892378137474393,0.02898755799650975,0.00044857579885233,0.06787303287167369,0.000860473563463991,0.09328140189605533,0.000931186722303521,0.1217951539970042,0.0008988240551363947,0.18561635163304485,0.002597632600214851
30.0,0.0027611932385146693,1.2224535726096053e-5,0.011305291075647022,0.00013136817693945726,0.0294445164187254,0.0004648401424839405,0.06941282080611949,0.0008945625787180915,0.09557058162304338,0.0009519523944178553,0.1250302979741031,0.0009061030690748897,0.19111289369395182,0.0026627769185490415
31.0,0.0027872001045296663,1.1881897081609833e-5,0.011427983247321343,0.0001320465434766922,0.02987347553828497,0.0004729812341864117,0.07090770650331951,0.0009090456161771307,0.09786436195546332,0.0009518437913450593,0.12828092142456365,0.0009383348392575634,0.19657736491844804,0.002782701136084221
32.0,0.0028116702602593345,1.2542452673071893e-5,0.011543143137619671,0.0001361876463807651,0.030284084534662695,0.0004745240643492911,0.07238302846532098,0.000922749179222139,0.10013930535973774,0.0009776150428051898,0.13148843943559044,0.0009768097799336467,0.20204054244691938,0.0028844036481660623
33.0,0.002834470013265334,1.346884941395526e-5,0.011647198658659322,0.00014314978937574825,0.030678104683915006,0.00047444967974312805,0.07383854407069511,0.0009160255766219807,0.10238713840581617,0.0009644531972780658,0.1346567938308306,0.0010711082398145695,0.20748776067918318,0.0030286760420442176
34.0,0.0028548266563036663,1.4397436387676633e-5,0.01174324568500234,0.00014941060861015532,0.031053049395372647,0.0004728805909967127,0.07528707419047598,0.0009302512070061381,0.10459707430478737,0.0009764497735928177,0.13781275413243563,0.0011452087639775884,0.21296898339817338,0.0031347524378186873
35.0,0.002873826127736334,1.5143027113423035e-5,0.011834111096662008,0.00015363974055203122,0.03140671240646968,0.00046498432273646146,0.07672451232034262,0.0009593414486482195,0.10675774798819232,0.0010223166426468662,0.14098101022675916,0.001254971966194236,0.21840803499014677,0.0032186706639643187
36.0,0.002891894247179667,1.6042959462715834e-5,0.011918136537482672,0.00015621986249350937,0.031741781417039004,0.00045854030560104416,0.07811632995078252,0.00100267254432455,0.10891635449802918,0.0010650779658121711,0.14414200009391115,0.0013863499530777535,0.22384711804359705,0.0033009296654408406
37.0,0.0029083050052429974,1.7227106615945215e-5,0.011997020122373993,0.00015507353999392337,0.03208136826011066,0.00044782012922936677,0.07947588604998963,0.0010434386417353847,0.11105543633919993,0.0011142399555262481,0.14724279985403063,0.0015083426058351344,0.2293166790350074,0.003384483101362293
38.0,0.0029237411182619945,1.7806278803824234e-5,0.012070973393930994,0.00015667079220610034,0.03240787578410999,0.00044280729323066396,0.08082208956396783,0.001079505208067197,0.11316078871861608,0.0011627543295794594,0.15029282476479155,0.0016029781829852076,0.2347575143218316,0.003448970055809636
39.0,0.002937015029124001,1.7576660788747866e-5,0.012140568377686997,0.00016089039518985468,0.03272708988485033,0.00044616478501686914,0.08214020681472829,0.0011108442395747285,0.11527378348696901,0.001199586250784369,0.15331744872453473,0.0016569654629765066,0.24016829593390973,0.003580477500757334
40.0,0.002948310531041994,1.7237854189847277e-5,0.012206092844717992,0.0001617055197116086,0.03303602893418136,0.0004574365093063962,0.08345512905518052,0.0011681208824716037,0.11741135882598472,0.0012576056014110444,0.15638660737141927,0.0017365473541402835,0.24557566925220178,0.003719449520272459
41.0,0.0029587138562473347,1.7023190662613853e-5,0.012266373207434967,0.0001577429434027548,0.03333853388781768,0.00047537756150951345,0.08476317717966401,0.001234218685390082,0.11954413579380159,0.0012804141104918246,0.15946903341314486,0.0018009057693399565,0.250906497537232,0.003834706110714732
42.0,0.002968360514665003,1.8227666586559957e-5,0.012322141985211334,0.00015456445815892767,0.03363107485544833,0.0004877138441952569,0.08606405576780687,0.0012988983967943926,0.12170431928430094,0.001301364234062512,0.162517278908018,0.0018319437604362558,0.25617514051966117,0.003984902655777561
43.0,0.002977238102779007,1.9109242926841044e-5,0.012378908384601655,0.00015019815289406705,0.033921487624106246,0.0004998921589766428,0.08737487309986643,0.0013364811296054703,0.1238574160186026,0.0013679143971708563,0.16556752196781666,0.0018376427495482247,0.26145677296960723,0.004089768354470612
44.0,0.0029852216758726635,1.8350522462035253e-5,0.012430651931649314,0.0001486587936249217,0.03419961583293037,0.0005235268490961425,0.08866078375072158,0.0013714490536252378,0.12600645238460667,0.0014337823744392244,0.16865561818937685,0.00183447506291232,0.2668122969410373,0.004195263457270062
45.0,0.002992275111018001,1.8028429189821904e-5,0.012480438031146356,0.00014966605525755386,0.03447273261366135,0.0005468170320723801,0.08993844067601345,0.0014138601312216083,0.12813197314468497,0.001502485123836426,0.1717249262425198,0.001824807641808941,0.2722095614203924,0.004315323036461391
46.0,0.0029987494236376686,1.813543695562497e-5,0.012531227772988337,0.00015270987297230176,0.0347446307256953,0.0005609791272842479,0.09121515075983559,0.0014322070266487607,0.13023300311526137,0.0015705639263396303,0.17475077387289312,0.0018456388605967117,0.2776052045722312,0.0044056140895434625
47.0,0.0030048641153730027,1.904565624708877e-5,0.012577362327489001,0.000155299221984334,0.03500653494317627,0.0005732498898451925,0.09248714477301494,0.0014395844157509363,0.13231686421818314,0.001638723397622728,0.17777147805864904,0.0019143330016739885,0.28300119589830586,0.004430390616621438
48.0,0.0030118173844506687,2.0621061352624442e-5,0.012617839352376,0.00015707836341370508,0.03525927155332034,0.0005873815161088512,0.09374591251566568,0.0014470028132054363,0.1343905539841291,0.0016889031803975136,0.18074739977408724,0.001942133898132958,0.28839667358119836,0.004484675977682623
49.0,0.0030182884285809963,2.1562720320752086e-5,0.012655617219163315,0.0001593461010479631,0.03550394135083133,0.000606581003065614,0.09500320727129025,0.0015007953623995445,0.13644521466501472,0.0017507628145552148,0.18374163893968537,0.0019380675187981383,0.29383384304669363,0.004591703615919853
50.0,0.003023977362446665,2.1573792870536497e-5,0.012692715895989989,0.00016252974184100867,0.03575360234455003,0.0006223947687892332,0.09626864218930521,0.0015486453548425616,0.13847588875356587,0.001785766660942951,0.18674790470662941,0.0019187960164089638,0.2992072973726908,0.004732777252635655
52.5,0.0030373783120093314,1.9025320459808668e-5,0.012785916705401343,0.00017271873521706936,0.03636964170658473,0.0006943464412176255,0.09943856273769727,0.0016089299148542284,0.143573594014935,0.0018216933188331698,0.19429747107684692,0.001962952129660984,0.3125566454888631,0.004924510054386885
55.0,0.003047781972032999,1.859848765799931e-5,0.012875079353282672,0.00018128462782895276,0.0370044563424043,0.0007672580080900839,0.10256148559046208,0.0017195460969891658,0.1486606324191308,0.001873972436050781,0.20184415377064685,0.002166068005388315,0.3261160627182701,0.004917324334892364
57.5,0.0030566583180466618,1.7611881559297286e-5,0.012955469525919668,0.00017884372251161348,0.037575983008042414,0.0008134777428526106,0.10566801095638195,0.001813381358212472,0.15378778519480585,0.0019143947424945698,0.20936545770235265,0.002398345912406473,0.3396804770200289,0.005195861566708995
60.0,0.003065685422715666,1.6552515981075514e-5,0.01302937537382866,0.0001760543688159601,0.03810976202614872,0.0008237566758477974,0.10878425892670167,0.0018661643503414297,0.1587928607123957,0.0020053427018290665,0.21686407452934775,0.002701520884369742,0.35323716390510357,0.005386420127776114
62.5,0.003072551390862663,1.4266238204347711e-5,0.013097529919085997,0.0001769429036000753,0.03863501929086765,0.0008171779174490455,0.11176643576389551,0.001974309919155961,0.1638332907508948,0.0020695373403386954,0.2243415407818946,0.003027302312658051,0.3667818734834533,0.005540549258236991
65.0,0.003076538409694329,1.4620641988177719e-5,0.013166543187998682,0.0001822940966558273,0.03915594007051832,0.0008455730835787796,0.11475759308363925,0.0021180016121861637,0.16888473630194084,0.002244917814127481,0.23167834305232068,0.0032011087487896564,0.3803256753044232,0.005829337052618343
67.5,0.0030808838909943304,1.8709706410535976e-5,0.013236546876941684,0.0001797523799103782,0.03969237515515396,0.000879971293052202,0.11779299364245845,0.0022552873206038355,0.1739672854387259,0.002479245328974742,0.23909133399637983,0.0032466943223202847,0.3935301539314606,0.006054699235897277
70.0,0.0030847901595389996,2.2875607630874257e-5,0.013298194536264681,0.0001748075407448844,0.040222768750513255,0.0009425237003908763,0.12074647244325605,0.002282498325550357,0.17914027341204333,0.0027672394004985093,0.24663616401531577,0.0032039246955756096,0.40680418762893533,0.006397849081488436
72.5,0.0030864385120096625,2.6535501497194276e-5,0.01335871424110166,0.00019318266232055267,0.04072988608308068,0.0009722261331606271,0.12369018307836793,0.0022828240773003377,0.18423284988787697,0.0029476142130238406,0.2540597826629736,0.0033397115181692362,0.4202002253123565,0.006589273671460112
75.0,0.0030889108690836655,2.9711534106213342e-5,0.013416851569464025,0.0002063050399632995,0.041237065110506274,0.0009937758131881133,0.12661274877497594,0.0024089397101472176,0.18920519627983262,0.003028742439137609,0.26144195817641297,0.0033674181745907616,0.43365938108749796,0.00682377102156956
77.5,0.003091911824821332,2.7047515861124004e-5,0.013468865773056993,0.00022899311698802661,0.04173188235514823,0.0010499969433649789,0.12961756088063317,0.0025270511813868268,0.19411124089249704,0.003144601990437681,0.2688490624036522,0.003453291425981164,0.446993304533575,0.007016830836022238
80.0,0.003096672573850661,2.694703851989062e-5,0.013519161704012331,0.00024417599403215294,0.042255057380495786,0.0010925608053141743,0.13262280556436135,0.0026663347544581073,0.19901717309609088,0.0032449265864777322,0.2763446616716045,0.0037241966755302354,0.46060813504972076,0.006977765197701835
82.5,0.003100505132291002,2.387653743356198e-5,0.01356496000703037,0.00024303644500316108,0.042760764074843326,0.0011294091962074616,0.1356456791746335,0.002761463313833524,0.2040151448243592,0.0033027761167994654,0.2838375249371548,0.003923321567282183,0.47423085241236523,0.007204057259235171
85.0,0.0031033317344793315,2.0973043316270344e-5,0.01361004349176466,0.00025227394307448836,0.04324076197508568,0.0011604335068727495,0.13867415003363623,0.0028084172239110626,0.2089130459888346,0.003421130939660687,0.29131067221285034,0.004232042672305803,0.48799304436818053,0.00738684388038994
87.5,0.0031040940341323354,1.7956853709942158e-5,0.013658836404235037,0.00024678525460259136,0.043733264291429284,0.001181520553858735,0.14159972517086303,0.002887784038837163,0.21392514879027816,0.0035127300660521585,0.29880321340631455,0.004578336294534346,0.5017323198332474,0.007682848371039657
90.0,0.003106379257736001,1.8830885437598876e-5,0.013710771263720648,0.0002454075083468413,0.04422214894243961,0.001227054717698459,0.1445017770922588,0.0030630737596953014,0.21894763290636896,0.0037238164356066276,0.3061585594146686,0.004741821771019194,0.5154533281798703,0.007879690049680522
92.5,0.003107734249948999,2.250553747683719e-5,0.013757685717842662,0.00023760738482643892,0.04472225608741139,0.001272808482658377,0.14744144379529756,0.003234972611614065,0.22399260352842837,0.004037407770636078,0.3136238361427326,0.004728202495286111,0.5287754360931537,0.00810220376527139
95.0,0.0031095626843156638,2.4350706500529855e-5,0.013799971141805025,0.00023692240348411573,0.04519617142855623,0.0013336036482936634,0.15035698680294385,0.0033474483010335694,0.229077386472308,0.004296315491007103,0.321258280656967,0.004596090775344508,0.5422267928845553,0.00850935799090031
97.5,0.003109394397864667,2.2739377332675597e-5,0.013854710760805659,0.0002501495378007323,0.04562002378673896,0.001383903074962474,0.15325633856931248,0.0033977766547107703,0.23410099354143588,0.00444202980433547,0.32877679666544524,0.004707694542794239,0.5557672043337754,0.008779317044897393
100.0,0.003109290397285665,2.350371641461501e-5,0.013909968588423673,0.0002660532023622808,0.046037401109715104,0.0014261684475779873,0.15612233239004172,0.003534084287480784,0.2390968639040176,0.0044938262200848785,0.3362481503582808,0.004658123515988063,0.5693764186990276,0.009016478920710464
102.5,0.0031079004992216664,2.4034273733132007e-5,0.013964306477266656,0.0002866079138898336,0.04648416725203617,0.0014826977110667264,0.15904052797087714,0.0036881536415121333,0.2440521041132548,0.00461797168845011,0.34373639775210424,0.0048048208332347065,0.5828732307589163,0.00936999274100436
105.0,0.0031096939459746686,2.4854306066629438e-5,0.014021332015664034,0.0002964518686197253,0.04694900176992099,0.001515386365844582,0.16199857582103597,0.0037787287600572856,0.24895612204105477,0.004736678188453619,0.3512811486243816,0.005279029684561102,0.5966359400806492,0.009406940242964325
107.5,0.0031119355466749953,2.2164697441693696e-5,0.014073473861974686,0.00028239915502996783,0.0473867275787483,0.0015403219986668665,0.16497215788009717,0.0038258873140815807,0.2539352585752396,0.004790093155751357,0.3588167265740602,0.00552669320877125,0.6104492329357125,0.009596998742929654
110.0,0.0031133353437613393,2.1077859322497496e-5,0.014122737516057327,0.00027785192682139005,0.0478189478667034,0.0015516897888067653,0.16795748643865346,0.0038287719889139944,0.2587457462776011,0.004961629382413907,0.36625953315636006,0.005826580052430424,0.6244035265691202,0.009864066666214694
112.5,0.0031143133645963293,2.1468103443386163e-5,0.014169668682769039,0.0002671550568243025,0.048250584381220006,0.001569266892030684,0.17083790040375457,0.0038996980204618085,0.2636664946423779,0.0051099860017218,0.3737424715687646,0.006098605574265864,0.6382995452995229,0.010249462069876395
115.0,0.00311478800113367,2.1730543844567166e-5,0.014221099349323968,0.00026261431794195265,0.04868597616074706,0.0016218551095968901,0.17368602881439843,0.004017977334066614,0.26860902388350477,0.005339509717747962,0.3811511779166026,0.00629010834350918,0.6521891671495501,0.010391470195551379
117.5,0.0031140282796150004,2.3967291566723096e-5,0.014271778121745661,0.0002527340325912634,0.04916139508985332,0.00165639049714934,0.1766240910082242,0.004168498335995,0.2736650062820441,0.005607708148916268,0.38869291338591017,0.006349483570128569,0.6655880877121956,0.010633318570915408
120.0,0.0031144614304670056,2.432069858010938e-5,0.014318575337812348,0.0002590717115756252,0.04961296210329234,0.0017151754910865707,0.17953686953242406,0.004279149483318498,0.2788229342998105,0.005881417849684292,0.3963153305017584,0.006230890978352276,0.679200425049305,0.011079119621670455
122.5,0.0031147674509733277,2.4545729379158263e-5,0.014362371629707337,0.0002759045471693751,0.050035691190657004,0.0017682781823281986,0.18244524758053582,0.004325286736361905,0.2838300736256911,0.006079447430216706,0.40385523866445383,0.006411224051311534,0.6929699744848967,0.011398486968317158
125.0,0.0031173981313896678,2.5401756516256154e-5,0.014410936539113017,0.0002889212834395055,0.05046055904333098,0.001794278336607893,0.18528965413715384,0.004464267986690229,0.28875845353163937,0.006141163467065588,0.4112956615582882,0.006475931028128118,0.7065263714009946,0.011635275181812605
127.5,0.0031190668286789993,2.5080560951969358e-5,0.014456148043851659,0.00030404366745628636,0.050895334095679756,0.0018492819528317854,0.18821197030233416,0.004625183734706352,0.2936871426382151,0.006297555421202158,0.4187207690917713,0.006578144216795889,0.7199698598509958,0.012014137081114939
130.0,0.003121430828474669,2.746427741417574e-5,0.014512513779832006,0.00032414560770877005,0.05134128076018904,0.0018984987783241404,0.19117408108281375,0.00474178048460307,0.29855083493480716,0.006427511710771506,0.4262509607090542,0.006904087952470271,0.7337464009338206,0.012009915500857584
132.5,0.0031208326781766655,2.6172233116811068e-5,0.014558723045527983,0.00031815801532008025,0.051770175601168054,0.0019263150421836679,0.19413692335674476,0.00480069634700028,0.3034918606323993,0.006473779815987542,0.43383303695652253,0.0070560846861482535,0.7476618395281188,0.01218278060257844
135.0,0.003121080002554333,2.580587723355909e-5,0.014602876065882339,0.0003259584786153809,0.0521740787738566,0.0019236494282811605,0.1970788882654857,0.004899266177448713,0.3082181958971039,0.006611246514553886,0.4413040996925969,0.007302674863196699,0.761621981830754,0.012490890639995046
137.5,0.003124285062597998,2.573403518630403e-5,0.01463840556870367,0.0003148313559321319,0.05259307140528501,0.0019310067387116134,0.19994556637090632,0.005005335743368805,0.3131421651071708,0.006744795970207857,0.44891828779475823,0.007623235874696504,0.7755849574110272,0.012877831889448197
140.0,0.0031278263717159954,2.6018020609306054e-5,0.014684490610879326,0.0003187716036553732,0.05302098260176834,0.001969861515771171,0.20275326079450914,0.005141676559308876,0.3181160796325434,0.006993622262507573,0.45643045906607627,0.007942605439178067,0.7895280530090568,0.012892456457595165
142.5,0.003127889624730336,2.859858705016214e-5,0.014732249746898983,0.0003200759667919401,0.053470929904955763,0.001999588792908301,0.20567093387344978,0.005285825682362481,0.32324413180155664,0.007333631444182247,0.46407910850960343,0.00800544024952744,0.8030030368133149,0.012978355467953093
145.0,0.003127636004107667,2.7855828224158164e-5,0.014785208692035345,0.0003237623575146967,0.05387969700889442,0.0020353059250397213,0.20858443085561978,0.005355860676302207,0.32843009918168714,0.007586185881423092,0.4718293937241631,0.007835901158510806,0.816638993528857,0.013379809477524755
147.5,0.0031273563234890016,2.79798667578108e-5,0.014835978289096335,0.0003428706310948113,0.054280338871316,0.002079977241079952,0.21153129277133248,0.005414982425046667,0.333470820506811,0.0076940622768493176,0.4794816879095789,0.008065014713806143,0.8303590127631816,0.01356638880231208
150.0,0.0031293259090676684,3.0168952861869076e-5,0.014880225383490646,0.0003632014747593657,0.05469060607147467,0.0021129743993102495,0.214395054613624,0.005570219828530463,0.338431597434944,0.007773143844015414,0.4868875834076711,0.008156527893082672,0.8439592085293448,0.01371175513038279
152.5,0.0031279719684316606,3.2854310107395655e-5,0.01492731648318033,0.0003887298772755321,0.055128173015690035,0.002175580197698755,0.2172864102981483,0.005756823789807621,0.3433579242931431,0.008001515362099558,0.4944059703061541,0.0082448184350039,0.8574899633536038,0.014029376104204698
155.0,0.0031278275188063366,3.488767690972542e-5,0.014976826099289981,0.0004045791221793241,0.055579044653492386,0.0022029648486298742,0.22021299599380095,0.00583140664254067,0.34826657084822976,0.008189077752723123,0.5019692074833388,0.008621140827570642,0.8713732605820504,0.013861239397426624
157.5,0.0031268970402323353,3.41270258930524e-5,0.015019374563083698,0.00038787984271686763,0.055990744698876015,0.002220212758027526,0.22315455418140817,0.005857894870867015,0.35328736862698035,0.008273731767260905,0.5096214540450058,0.008920967436320577,0.8854353326732723,0.013947317147241855
160.0,0.0031270834945823253,3.3007481431360195e-5,0.01506846434018668,0.0003879461801791536,0.05637948403086773,0.0022262171485762272,0.22607975872644687,0.0059660641880300595,0.35812302777331173,0.008419222310083348,0.5171399177385113,0.009298546092271869,0.899466612307269,0.014213854996959657
162.5,0.0031277438178760023,2.956580743110007e-5,0.015110633896147304,0.0003831374756963528,0.05676635597918538,0.0022406608029894755,0.22896792423369652,0.006095155313628125,0.3631129586045984,0.008564759991321492,0.524758549465236,0.009670822140325556,0.9134841910596609,0.014667812037041705
165.0,0.0031277945476730034,2.829108472806799e-5,0.01515749659061834,0.0003846868050976711,0.05715515965986504,0.0022699589224588804,0.23180434561097105,0.006243243707912833,0.3681274518804754,0.008781233699812619,0.5321806449238263,0.010063219773391283,0.9274813707262558,0.014712508701516323
167.5,0.0031271269661969996,2.925246747017217e-5,0.015203999734984657,0.0003861181394673321,0.05757752554681891,0.002282189962242296,0.23472673669801608,0.006432629444773095,0.37325935102341207,0.009097919852276537,0.5397516165135328,0.010146521553047462,0.9409402613214229,0.014749159165654849
170.0,0.0031289536941943395,2.8054975731868003e-5,0.015253821290477348,0.0003985474779847059,0.05801723590015896,0.0023501249427772867,0.23764814701781425,0.006534665790160984,0.37842418365326114,0.009387509757942622,0.5474952431920651,0.00987567742056313,0.9546569369890006,0.015134179176451743
172.5,0.0031298839596353343,2.7919559297032846e-5,0.015300000545051007,0.00042622505654033466,0.05842673643829405,0.0024101405923712504,0.24060194625549872,0.006641629510402217,0.3834632867853613,0.009553901482622312,0.555168510666517,0.01000061127768816,0.9684884677155309,0.015369812485394537
175.0,0.003132271849575335,2.9664311055197783e-5,0.01534462282115267,0.0004540691034379534,0.05882906494205941,0.0024380812170069436,0.24347404288515323,0.006838196324091558,0.3884831946313845,0.009688916695450302,0.5625441122720984,0.010109018818157078,0.9822527676478134,0.015499493650007046
177.5,0.0031329599709896704,3.231965001777475e-5,0.015391676198764682,0.0004762142416160744,0.05926317548627127,0.002509524562689007,0.24639391056434162,0.007021214503313688,0.3935078496974487,0.009952814441108416,0.5700189683610716,0.010246838724141722,0.9959018201702381,0.015875773196868483
180.0,0.003130628698666335,3.350521113664939e-5,0.0154458560795967,0.0004858446845114301,0.059705072626644685,0.0025690599273478984,0.24930288178678092,0.007088982625662552,0.39844291645158736,0.010143536343133351,0.5775842268995425,0.010616366761985923,1.0099429107940652,0.01568188458137545
182.5,0.0031281757419666686,3.419808911753152e-5,0.015487993824211012,0.00046905383477252734,0.0601126459477613,0.0026245627491410716,0.2522519526379025,0.007108085033623188,0.4035006180739766,0.01033286286623443,0.585268394763966,0.010963229729959141,1.0241479927238553,0.015710612054688648
185.0,0.0031281845235743254,3.518079168332727e-5,0.015529589049069016,0.00046882608629131273,0.06048105157520967,0.002675865243434103,0.25519746073384153,0.007148661806808858,0.4083722591836175,0.010493528580305236,0.5928994075472499,0.011313245869076071,1.0383160094391921,0.016204304217067655
187.5,0.003129302480148998,3.14839368735876e-5,0.015571157991172313,0.00046121983662949785,0.0608614105858037,0.0027155860485268872,0.25805391109533315,0.007241446504815212,0.4133867634674997,0.010640099565990093,0.6005680629991091,0.011615407267555477,1.052454175116307,0.01673327654519863
190.0,0.0031276700734240003,2.7847008799186832e-5,0.015616251941022325,0.00045552464470505845,0.061245529553617714,0.0027649070382630564,0.26086191452223795,0.007380205444161726,0.41845087961967053,0.010839304858347215,0.6080498380906217,0.01188861451327425,1.066464794711819,0.01672734623413624
192.5,0.003126309118964667,2.979506852024682e-5,0.015667445186525998,0.00045217464623734343,0.0616586125497112,0.002754421677564268,0.2637812924967048,0.007563514245657811,0.4236644727075276,0.011094969942666141,0.6156455631415855,0.011994667430785333,1.0799487390351432,0.01692969999464965
195.0,0.003129861791168662,3.186288283880921e-5,0.01572232590866567,0.00045761151596555584,0.06208581979198461,0.0027988418489067503,0.26667999535430115,0.007728767721361814,0.42884667272709875,0.011358124242528585,0.6233861584542776,0.011687767755304975,1.0937906135850444,0.01730385034683486
197.5,0.003130780411557664,3.277929177144513e-5,0.01576961462489601,0.0004786606413063103,0.06250224528000602,0.0028585379602604952,0.2696200255884236,0.007850204456193968,0.43390961313145615,0.011544220345325948,0.6310643299336717,0.011749264951719181,1.1077889735489799,0.01750444060817256
200.0,0.0031335097384656632,3.1576099036090456e-5,0.015821744701384644,0.0004993740850195294,0.06290070509180629,0.0028965277329709004,0.27250341621609436,0.007980346700507563,0.43892576098083985,0.01162405975091361,0.6385251379635056,0.011836951264047782,1.1217637665222866,0.01763801571680752
202.5,0.003135536535189997,2.967130816700704e-5,0.01586400317791397,0.0005222623772205981,0.06331852976843086,0.002964640400872961,0.27542161172588414,0.008136458263012746,0.4439437896416809,0.011888147678942793,0.6460221203152349,0.011971219767670575,1.1355037852422607,0.017983733540155086
205.0,0.0031346980946583376,3.1792253330211846e-5,0.015904036426568003,0.000534648038935147,0.06374176978312866,0.0029835503564434934,0.2783448997805912,0.008237523176659777,0.4488732798752322,0.012078256627828372,0.653656831647396,0.01232082210202227,1.1496932007055,0.017841902152312114
207.5,0.003133281287396666,3.1592005177039026e-5,0.01594199563281202,0.0005172186844031895,0.06413434495497339,0.003022851612336596,0.28131974700581,0.008275147353727284,0.453932989082444,0.01224089386060761,0.6613670497532967,0.012675785297812242,1.1640570272323114,0.017860596067747436
210.0,0.003131990698453337,3.115172496106256e-5,0.015980417636742333,0.0005202363737503442,0.06449940016152347,0.0030454074369138853,0.2843269874886876,0.008281675005554982,0.45886922398033647,0.012400535219396555,0.668983205190747,0.012990970271354705,1.1784182461965145,0.018268553681483383
212.5,0.00313170306794967,3.140428041214825e-5,0.016023556894247688,0.0005105573262582967,0.06486559477579537,0.0030729829405621994,0.2872794814120342,0.008386082832981047,0.4639018683854004,0.012565159371479126,0.6767236674143416,0.013314087480549748,1.192555374493685,0.01871958310467664
215.0,0.0031315032792323364,3.210797635040048e-5,0.01607576646178799,0.0005064117551971967,0.0652249633271903,0.0031123179880469015,0.2901526090984392,0.008498792137297791,0.46904982994748445,0.012818670658588917,0.6842259807848804,0.01364213612501977,1.2065368536022425,0.01873514783380446
217.5,0.0031319628686153314,3.398261330200063e-5,0.016122205831257327,0.0005037996105553178,0.06559587732033262,0.0031010939000785985,0.29304481979223435,0.008691006201885357,0.47436691251597274,0.013182057813615086,0.6918489121904505,0.01371199600781204,1.2201145634506754,0.018953982287351862
220.0,0.0031343255971809972,3.356713916749822e-5,0.016168762587865648,0.0005166400794751084,0.06597987571360527,0.00314792808710882,0.2959158520601031,0.00881955522733606,0.4796244909526811,0.013457294179296466,0.6996041631138681,0.013362109344582793,1.2340134179921567,0.019470818930396462
222.5,0.003136094228156,3.26924348329419e-5,0.016211101705119683,0.0005389985408461291,0.06635680791857305,0.0032174590658243106,0.2988792820179123,0.008951488660405972,0.4847499160964961,0.013579921384891055,0.7071670268223478,0.013409937139364008,1.2480304198455465,0.019598498229233784
225.0,0.0031385777631710026,3.416556706003468e-5,0.016261903086872344,0.0005626922011503635,0.06671528250458302,0.003245628962596194,0.30178828487550424,0.009092885344293982,0.4898091515735044,0.013643783502639653,0.714597204209039,0.01338647256607311,1.262102644731621,0.019677881513005237
227.5,0.003140583817244008,3.575065134160405e-5,0.01630554355306035,0.0005837304456283379,0.06712300885714995,0.003299479944025472,0.30473894308939237,0.009234411721298293,0.4948229236348071,0.013905078298713746,0.7220990201127672,0.013409238340414915,1.275773717535677,0.020000863996644674
230.0,0.0031398190796056605,3.700731659537039e-5,0.016356325380944316,0.0005971248873539914,0.06755539470092738,0.0033293395166022043,0.30767747691204284,0.009354510238794553,0.4997066241156459,0.014173947729562824,0.7297860584915661,0.01366883769090146,1.2899960217005595,0.0200410836696506
232.5,0.0031382584841126615,3.7640177480725705e-5,0.01639444948308431,0.0005878134981618751,0.06793882795845023,0.0033458965627970456,0.31065497407273995,0.009393530989544045,0.5048060846098171,0.014334706581818502,0.7375597125971547,0.014126426135575925,1.304387822509506,0.020145296997792533
235.0,0.003138926864161002,3.72833541210764e-5,0.01642635493525404,0.0005839691235321293,0.06828845695558539,0.0033568620998624737,0.3136012071091117,0.009439135271082272,0.5097891896928627,0.014541666460526948,0.7452828091128495,0.014555867429139805,1.3187714946203526,0.02055707943353816
237.5,0.0031401543318866658,3.6163837206808416e-5,0.016468191717112984,0.0005744894252405877,0.06863718622129582,0.0033599930193776864,0.316511511079378,0.009557000131815334,0.5148507183024869,0.01469422983424308,0.7530335751370513,0.014906342198928538,1.3328682974888542,0.021032403740886548
240.0,0.00314041829690767,3.7869995388139764e-5,0.01652344874763534,0.000579835198454037,0.06901248902137791,0.0034119056796015415,0.31937431350496404,0.009680690725326697,0.5200440695390397,0.014960584411695675,0.7605499851413614,0.015326730004597833,1.3468639375740854,0.02116701673414178
242.5,0.003139373024353332,3.902287765407936e-5,0.016571192865202,0.0005810746066431445,0.06938926915643867,0.003426414515411771,0.32227548642900883,0.009899430845426731,0.5254190070716765,0.015337940017065038,0.7682083092334405,0.01545384552192274,1.3604076485135248,0.021359237086646124
245.0,0.0031396628888960046,3.780712269417224e-5,0.016616134659497666,0.0005841478998297263,0.06974913874580009,0.003461820616223897,0.3251920138115619,0.010009220154517919,0.5307146278299515,0.015550700698980296,0.776058704219463,0.015212710955001915,1.374403863308075,0.02185112910749978
247.5,0.003138641318614662,3.7540285453949035e-5,0.016662156239497003,0.0006011378184414983,0.07012881745480715,0.0035100418454979054,0.3281444794798668,0.010107935070441876,0.535801021179987,0.015643788082942863,0.7837117839702021,0.015207540348119605,1.3884184084831879,0.021822943861360602
250.0,0.0031397595609900008,3.910242799739679e-5,0.01670675732111369,0.0006176038497465924,0.07050193112683649,0.003519409258389782,0.3310114723612453,0.010210177809533908,0.5407927556616197,0.01572496618330114,0.7912200154719621,0.015164389768183498,1.4025511279185596,0.021800743341097956
255.0,0.0031410043704106646,3.9167341417250265e-5,0.01680081913893434,0.0006614930782784684,0.07128600389997428,0.0035892763921266725,0.33689066114206645,0.010411826367075947,0.5506844814492119,0.016302088574380053,0.8064213812728805,0.015569214021296223,1.4306256306082794,0.022238822042542822
260.0,0.0031423690301656685,3.63061306605212e-5,0.016896163492937016,0.0006447006506577648,0.07200975620836028,0.003674945877068602,0.3428743599599413,0.010454617583357112,0.5608216455851333,0.016576845474085524,0.8219571082862251,0.01656211518985523,1.459435458046899,0.022684909929567624
265.0,0.0031405931325743314,4.0127757166701086e-5,0.016994701760416966,0.0006367112594615197,0.07271253630240415,0.003750904469609709,0.3486737712874096,0.010712878928772795,0.5711087803517874,0.01693251561895195,0.8374499460074861,0.017386827018069317,1.487467705622423,0.023437364659914795
270.0,0.0031394095931789987,3.847955893100528e-5,0.017072891119547996,0.0006231917545598977,0.07344388724339697,0.0037813383308175066,0.3544669402411976,0.01099945132956173,0.5818724642866615,0.017539756724328563,0.8531585609061427,0.017285290106165044,1.5150174270373589,0.023929027615068783
275.0,0.0031379943198063406,3.866596837099462e-5,0.01716276461212134,0.0006663498844873798,0.07417638311629741,0.0038391518109048717,0.3603135544226274,0.011210645992845622,0.5920081761125091,0.017755653968326065,0.868485815156132,0.0170893369285352,1.5434061084835646,0.02410287499269081
280.0,0.0031381362236403343,3.901746585623802e-5,0.017249626043527998,0.0006848157629136734,0.07492300951480495,0.0038609454944001824,0.36619693386614105,0.011373878362533854,0.6019306827490936,0.018295997384702094,0.8839735746376373,0.01747097435227822,1.5715641543481602,0.024673647572711056
285.0,0.003137647867548,3.551965461492981e-5,0.017348715963268663,0.0006758734376113618,0.07562503190464998,0.003965248193134075,0.37217326563839653,0.011397595383180862,0.6121618245028404,0.018504154906448685,0.8996453712955482,0.018503488937911667,1.6005471367363102,0.024981147186162515
290.0,0.003138766199218,3.980487432311598e-5,0.01744461051170568,0.0006883639276870366,0.07632621858300673,0.004040490226326607,0.3780112930729518,0.01174658354773717,0.6224795907973844,0.018831148080629977,0.915133236567726,0.019309107160686418,1.6286648438457128,0.025831518541658376
295.0,0.003139299117771999,4.512971221289401e-5,0.01754995520090735,0.0006886126589143235,0.07705316751197805,0.00409719373819478,0.38384536315865825,0.0120654480932858,0.6332628859453642,0.019495970023688764,0.9308938774991242,0.01919659038445045,1.656384983824287,0.02639775979055118
300.0,0.0031398302580956804,5.1433581206640955e-5,0.017643421653513666,0.0007399030327958049,0.07781415732901036,0.004174187419367267,0.3896706088424962,0.012318185118325001,0.6433984683126266,0.019798411992057362,0.9462699377962701,0.01904896441924093,1.684845955775174,0.026408536884184878
305.0,0.003142053353834332,5.203451289756333e-5,0.017727184579360324,0.0007728650795409366,0.07854033315585403,0.004182415194959738,0.39554789797218437,0.012556136652298475,0.6531217296497575,0.020335529458241366,0.9618494569349412,0.01943499080848508,1.713232667831172,0.027097770967933595
310.0,0.003140150277011339,4.798097659314339e-5,0.01779324518593667,0.0007697201317432387,0.0792486658221286,0.004238451960385007,0.4014830700605432,0.01266557312287468,0.6633484580990043,0.020628761660555054,0.9776974139853954,0.02041418127656455,1.7420686215742407,0.02732519269623208
315.0,0.003140805529326333,4.547625436550701e-5,0.017858733782911692,0.0007673986610173167,0.07997952472312397,0.004318134880760028,0.4072710310356104,0.012978377568915801,0.6737424733263728,0.021051706427516553,0.993351840312949,0.02098848053171625,1.7702689832560483,0.028159719378039384
320.0,0.003141663261730335,4.2898838428878166e-5,0.017956593597900014,0.0007591623832902066,0.08066223328899597,0.004353506876150124,0.41305085917253065,0.013254154751607593,0.6845633104029267,0.021758422098413856,1.0091253266764793,0.020798387452673175,1.7982689760424067,0.02858890236574343
325.0,0.0031438371622669937,4.3140834865670876e-5,0.01804911195921398,0.0007841043767245697,0.08133954479305984,0.0044372534522113165,0.41901613657930453,0.013520240692800464,0.6947205639426747,0.02206851345622381,1.0244187714562252,0.020510233856212257,1.826924998454238,0.028493085181740326
330.0,0.0031458172092393277,4.708515519222713e-5,0.018139568524001018,0.0008214332150785628,0.08205159186903936,0.004430070708987644,0.42495940605232985,0.013801385078647805,0.7044864316828917,0.022599633050661,1.039948471721721,0.021058250037495858,1.8552473243725187,0.029424127085280468
335.0,0.0031466964747743375,4.585248071012043e-5,0.018206011847066692,0.0008184108039292102,0.08272420988861443,0.004524892402477202,0.430878418470017,0.01391226618246771,0.7146983593173919,0.02281859623885004,1.0559553953312324,0.02215608876587403,1.8840491178731926,0.029643018613264703
340.0,0.003147813207614996,4.6379353083367615e-5,0.018280968725724732,0.0008239452694319042,0.08338015597697847,0.004586822629426216,0.43674723619013084,0.014202209308555527,0.7250337753215108,0.023231060339393903,1.0715873257860102,0.02272392679427054,1.9123743222212306,0.03050626537910234
345.0,0.0031486199029229977,4.5806264088643235e-5,0.018393102507527365,0.0008314508129934049,0.08407362317232792,0.0046539111971703176,0.4425531377708301,0.014543990740605108,0.7358417254401294,0.02393188026951166,1.0874491998462061,0.022639642183506274,1.9400956742947297,0.03131895183577687
350.0,0.0031499066561676632,4.7224644749009804e-5,0.018490845093431678,0.0008797509739279535,0.08475956467162594,0.00472555983864803,0.4484428242077514,0.014846858194342599,0.7459864651085305,0.024294912079049595,1.1028430785204841,0.022176575406517306,1.9686810718749599,0.0311885662216271
355.0,0.003153519337099003,5.1130869860549835e-5,0.018590081063667694,0.000922724566379834,0.08547617528886756,0.00472208014066589,0.454349431295378,0.015085039075165901,0.7557808019548417,0.02489308348601051,1.118396919875312,0.022658213828682005,1.9970586922321365,0.032049765782693786
360.0,0.003154149202980677,5.0137668073922454e-5,0.018664372148662987,0.0009183964450434982,0.08616706446668132,0.0047800033250601295,0.4602634656009662,0.015110854514089951,0.7660618612717507,0.02517083927148684,1.1343944700464077,0.02356195996913768,2.0262118957950954,0.03251981542499702
365.0,0.0031552046791480035,5.042992040059716e-5,0.01873322461176836,0.0009250441902654876,0.08682768146930131,0.0048369612871971114,0.4661742005714396,0.015467550187264948,0.7764519868598897,0.0255632398998448,1.1500403725463892,0.02392783527274424,2.0546735616980163,0.03363508071500515
370.0,0.0031582544886636734,5.0022111843347615e-5,0.018818484937248317,0.0009069323910881065,0.08750272051183214,0.00488406285104569,0.47199300166083635,0.01580514829041942,0.7873181389189545,0.026292737111781428,1.1658286821006687,0.023710212548109903,2.0827554051296566,0.034359511082521554
375.0,0.0031593311909566637,5.13636582770285e-5,0.018922725824341343,0.0009567473356846181,0.08821695855081613,0.004940475613881477,0.47790910525358377,0.01609454038161101,0.7974439569993802,0.026704469985691526,1.1812668599596043,0.02337151410502543,2.111202185405901,0.03422780984756788
380.0,0.003162700848560333,5.523018453940017e-5,0.019016574970647966,0.0009786873409955376,0.08894239161174952,0.00495060776183015,0.48379698182281694,0.016369148582417833,0.8074014705785096,0.027428521701514344,1.1970367785067193,0.023644854604170377,2.1394152157700996,0.03520913507221179
385.0,0.0031608047592176667,5.625535504973282e-5,0.019086503994306336,0.000987994434189409,0.08962961704807075,0.004999277625466811,0.4897313959990468,0.016441166428399708,0.8177943649529529,0.027778923951621015,1.2131806222945092,0.024551343805800107,2.168263614152307,0.03547735421400769
390.0,0.003158334540463666,5.680798748772707e-5,0.019153276439079013,0.0010018512947584882,0.09026026950004304,0.0050628053082581006,0.4956072068633203,0.016768877131068022,0.8282003612109295,0.02820918956928761,1.228825748995043,0.024917748284787294,2.1966205571287114,0.03642776605860963
395.0,0.003157493208553994,5.9225827518815675e-5,0.019239317290554333,0.0009799079037891261,0.09094348242438755,0.005122946197727581,0.5014533681529058,0.016992886641850353,0.8391259034809262,0.028897315928219883,1.244561446256265,0.024664545446806994,2.2249326532304177,0.03709011633288078
400.0,0.0031539218608150035,5.9702889548061336e-5,0.01934524573993399,0.0010218683726560247,0.09161605194611819,0.005178804248644738,0.5074028416936885,0.017252241445779085,0.8493574658829726,0.02921933485767202,1.2599528823961499,0.024328352879318598,2.25360422742044,0.03688722594185073
405.0,0.003156183514528998,5.799141499469318e-5,0.019425784359387306,0.0010439486637039877,0.09228893423731094,0.0051856840603445,0.5132883011840618,0.01757169716119323,0.8592996571069274,0.02984833137448353,1.2758315785954626,0.024752431921169438,2.2819348983441348,0.0379360755021131
410.0,0.0031573083532199986,5.555921091632176e-5,0.019476673017341677,0.0010436678616929356,0.09298189850297624,0.005267223321030105,0.5192080214239853,0.017675293631025796,0.8695534092049565,0.03008826287759863,1.2920424204738898,0.025725671103739176,2.3110019604629994,0.03827849406251714
415.0,0.0031579681034493317,5.389852923825761e-5,0.019563134361759316,0.0010600620453178585,0.0936313666072937,0.005359573473842502,0.5251188949104308,0.01800141816868209,0.8799130836840922,0.030427515436093632,1.3077164633172966,0.02602213410774191,2.3395125192601767,0.039313266265562676
420.0,0.0031568783407296703,5.3504537417028374e-5,0.01965097370729632,0.001049403940901573,0.09430957911427457,0.005402901850681309,0.5308878413633478,0.01825288607504692,0.8908997705148328,0.031041368557433342,1.3234928477875416,0.025701701051498403,2.367931847043844,0.03987351096602125
425.0,0.003158861449881668,5.4717841254503604e-5,0.019754064434128728,0.001085177994243657,0.09496935368105686,0.005455502912369838,0.5368377262503401,0.018476674438183703,0.9012975452266642,0.031348758641431905,1.3389873682767792,0.02547298716496013,2.3970546780998765,0.03998308746238702
430.0,0.0031588082637456706,5.744285300367007e-5,0.019825582502439636,0.0011125692274792684,0.09563402931203359,0.005416874463413936,0.542729960881388,0.018754598678160112,0.9114235112611653,0.03199551722583104,1.3550161416934825,0.026064373220225055,2.4254068070137884,0.04134919696102209
435.0,0.0031612162099879963,5.94687294971359e-5,0.019890415769105663,0.0011250552558665155,0.0963204223243275,0.005514296400308442,0.5486682558551385,0.018863046609873327,0.9216636613975399,0.03228435970372695,1.3711871570869694,0.027166847732194535,2.4543981018814636,0.04174684221550166
440.0,0.003158992813511328,5.879589062955808e-5,0.019967609806622016,0.0011474687532024297,0.09697053033218733,0.005619702668575218,0.5546099505268584,0.019165124587183984,0.9320130439723215,0.032615024511970375,1.386891015935694,0.027391805869794474,2.4829374526472185,0.042706708015744575
445.0,0.0031597504418280032,6.101080098703745e-5,0.02006289526519535,0.001138326638566769,0.09763017463562257,0.005669752826175019,0.5605360896163958,0.019427798480266448,0.9430048354610816,0.03317054434897521,1.402782617772982,0.02712949555929701,2.5115499409772313,0.04316451160369639
450.0,0.0031624118381466623,6.411581477137188e-5,0.02016762258257598,0.0011647004057725463,0.09826042945773923,0.005715080854034266,0.5664817426848154,0.01968212622222855,0.9533594680220497,0.03343795436374032,1.4183810203344085,0.026902625144896556,2.5406237351252074,0.043224560499764725
455.0,0.0031639714747443305,6.420271185074284e-5,0.02026200267422933,0.0011971436154105048,0.09890106966993996,0.005660323451958641,0.5724138358411196,0.01999197040009587,0.9633520533420386,0.034151466778379894,1.4344382171581882,0.02752791519888307,2.5690965867444895,0.044410852030940896
460.0,0.003166981759629331,6.34233114581414e-5,0.020324148440828305,0.0011892917400038716,0.09959813712554723,0.005776928278380755,0.5783823335854316,0.020089513285070883,0.9735920174465095,0.03443217223523178,1.450748598725911,0.028577530402683914,2.5979962716407963,0.04517435464381665
465.0,0.0031647728378380036,6.233886142457796e-5,0.020416378667202355,0.0011932163271512611,0.10024083204908567,0.005881222471433457,0.5842799429508404,0.020396122441226915,0.9839716484979987,0.03483355909489962,1.466598029662275,0.028860616761212043,2.62645472255981,0.046377902186375386
470.0,0.003164954937895994,6.239095103058912e-5,0.020513177431287995,0.0011813886234823528,0.10091345983117513,0.005932429636343164,0.5902754824378745,0.02061242195752576,0.9950271786501349,0.03543774346652522,1.4825583256569899,0.028549515241295575,2.6551652077872303,0.047074293822535224
475.0,0.0031642673983896673,6.83675216772781e-5,0.02060577550028101,0.001233263318837223,0.10151725189948602,0.005981684235810029,0.5961892165796746,0.020936732665780042,1.0055378979042398,0.03574988624085069,1.4981521930896846,0.02846184314061289,2.684348449032535,0.047164588517297414
480.0,0.003169518532486668,6.64246890483801e-5,0.020704075483541678,0.001259393609932185,0.10215646978382337,0.005921075786311649,0.6021660285194126,0.02131713563691392,1.0157161042405976,0.03639704973588832,1.5140942605717043,0.029153910323577985,2.712819620232425,0.048014768035018966
485.0,0.003168498872533334,6.559718138021986e-5,0.020789546227787652,0.0012525588905464937,0.10288578723050731,0.006071474243061546,0.6081689247778594,0.021419514468805217,1.0260256816220876,0.03673631210529548,1.5302840984101589,0.030108567414478725,2.741639489660926,0.048625301729119046
490.0,0.003163987489343665,6.281821472730584e-5,0.020874270358882646,0.0012465912475154374,0.10354801346752183,0.00621791601377624,0.6140927940825284,0.021714099796808328,1.0364050577153785,0.037323337487542775,1.5460015084645993,0.03036565568275082,2.7699957960901362,0.04963529469752995
495.0,0.003163619041812671,6.297076649498206e-5,0.020945565123890307,0.0012409620323020842,0.10418470602498357,0.006290680215587598,0.620110775811315,0.021939222526185385,1.0474124440694337,0.03791304144957631,1.5621226173284624,0.030095956759002254,2.798665524662022,0.050367297548143064
500.0,0.003167974194166336,6.754227449602457e-5,0.021032604414690313,0.0012917155007644125,0.1047943803548599,0.006336205592803994,0.6260140848558133,0.022261282908862763,1.0578844149152866,0.03831054205619844,1.577800578615322,0.029796722757954492,2.827887261895932,0.050450013403009406
525.0,0.0031678011487053367,6.645174934870126e-5,0.021446036171195015,0.001369787485681776,0.10790357786356615,0.0065641312574498175,0.65560511529243,0.02364230951765819,1.1099561737460175,0.04097457741220815,1.6575284864701618,0.030979450975336206,2.971947783611219,0.05407597790741987
550.0,0.003175537536676002,6.402382523789361e-5,0.021829238970527676,0.0014142401188376999,0.11112052930331981,0.0067779477326143445,0.6855775056853074,0.02504772874312032,1.1623978729979023,0.04372598580442922,1.7372370513449489,0.03211084135585246,3.1158465382906475,0.058157075360111124
575.0,0.0031781909846979968,7.043717093744374e-5,0.02225807378560866,0.001489739025726219,0.11437025699315317,0.007067635140959344,0.7152557049027085,0.026412494539239453,1.215013071124055,0.04653123355777397,1.8170769164202107,0.033079445952907065,3.2602442650186227,0.06272146215529445
600.0,0.0031769506703183373,6.573457486000219e-5,0.022682671176471672,0.0015693532966117598,0.11754320334987677,0.007219133078486529,0.7451153580028057,0.027804696932507065,1.2676797113391538,0.04925348437964741,1.8972233572856372,0.03417975958674575,3.40461608657633,0.06793216799297667
625.0,0.0031849917187206696,7.041040550155653e-5,0.023122228085490658,0.0016705680869099396,0.12068394404566414,0.007403950345804877,0.7750782783786972,0.029395453973201893,1.3205187832103178,0.05183911638511682,1.9775462338425285,0.03553178460630056,3.5494243243092463,0.07271065634391188
650.0,0.003182809450714666,7.583424384019492e-5,0.02349459205976732,0.0017472803861296592,0.12387600984923149,0.0076328141072643735,0.8051539007329945,0.030886186692116346,1.373168110964729,0.05439741884515481,2.0582398253889798,0.037281679180957705,3.6940603315546334,0.07717161476555195
675.0,0.003187422170263008,7.503890341655162e-5,0.023900761436806337,0.0017958850803541774,0.1270228467377179,0.0078124314365404825,0.8351568952203517,0.032524647401976886,1.4256980352796924,0.05706837906221552,2.1387569304638645,0.03889343659684539,3.839891804470628,0.0822535280759897
700.0,0.0031908810243926624,7.738677509263507e-5,0.02427466210810097,0.0018714874237219926,0.13010814640557142,0.007928663769916083,0.865149069555438,0.03419903181176816,1.4783659885581872,0.05986850146588413,2.2195992062666434,0.04122199161021211,3.985457481771043,0.08728831818504233
725.0,0.00319336287699367,8.131959275616377e-5,0.024661353112360337,0.001942310469575524,0.13315211795395807,0.008218600299850517,0.8953148827049986,0.0361127081800852,1.5310412673625693,0.062251276015979885,2.300422686695517,0.04375318260799522,4.130999205013362,0.09270658959004034
750.0,0.003191555542338664,8.78391245066265e-5,0.025043770761613328,0.0019791915776958217,0.13621178487782665,0.008377079507660406,0.9252948018626594,0.038010177877397,1.5839198284747842,0.0646304902493429,2.3816857737250103,0.045945807083953016,4.277110920933666,0.09840531772415542
775.0,0.0031907002815753337,8.827996885169132e-5,0.02543516973180804,0.0021016296699326834,0.13924297267841723,0.008604921163178748,0.9554004512302404,0.039852717961623985,1.6369344387206375,0.06710346840423818,2.4630474145164354,0.048147830909501636,4.423313323702391,0.10382613399526103
800.0,0.003198490490723333,8.895743893819654e-5,0.025842855183207374,0.0021719668860676455,0.14225456385454294,0.008785291979250657,0.9857446938261003,0.04147623666231371,1.6899660180540361,0.06940230069515042,2.544171793360752,0.05010094294598183,4.570249249562566,0.10881944458095734
825.0,0.003192839324399,8.526749664317134e-5,0.026232009547594425,0.002224865581763796,0.14527958593130727,0.009027344582155783,1.0161982582321345,0.04314766870668536,1.7430871611032004,0.07162683110816911,2.6255141467744916,0.05215498927752951,4.717187180583633,0.11380755076466494
850.0,0.0031980696177579997,9.119459787374633e-5,0.026608306405170954,0.0022721984977254156,0.14829217912801892,0.009185143843408045,1.0467167241233049,0.04507756189190273,1.796435814295867,0.0737926096119264,2.7067923297002414,0.05413995553002386,4.864688101351101,0.11912026365674848
875.0,0.0032023035860509973,9.067906206408743e-5,0.026987527395094406,0.00234837186830795,0.1512651615577447,0.009369776662256118,1.0773048303610975,0.046945724357539194,1.8498615031977275,0.0756354986464454,2.7882012942069068,0.05649843949226371,5.0116240311906495,0.12434931560382359
900.0,0.0031993748748713286,9.81304669166774e-5,0.027370345407644638,0.0024196087763852926,0.15420434727704718,0.009498970442733432,1.1077730841945812,0.048855332106855116,1.9034416761855935,0.07771281065550342,2.8698337739354733,0.058713661093018565,5.158873180152684,0.12976495598466348
925.0,0.003203556263882001,9.467316418798785e-5,0.027736640969706378,0.002503208389244842,0.15703734255655805,0.009658818125592375,1.1384145525524556,0.05069735385944742,1.957125684175351,0.07976887492873162,2.9516191236527423,0.06089235884718125,5.306993837932088,0.13541544473109376
950.0,0.0032089052803946634,9.85781839371451e-5,0.02811414011234699,0.0025557674381674056,0.1598374610926624,0.00977934794123353,1.1690069309460995,0.0526772066324856,2.0112522893833096,0.08188357509492677,3.0333695195668464,0.06318625241211087,5.4547177234385,0.1411680547301113
975.0,0.0032159583922043307,9.941386879230484e-5,0.028477732179529307,0.0025874122029516926,0.1627645491834485,0.009952338668395518,1.1998327459817795,0.054480955418653665,2.0654811276914318,0.08401784833798677,3.114966538011015,0.06570384242437681,5.601942564185169,0.1470693147232144
1000.0,0.0032097461732449963,0.00010282756873691088,0.028826571116406324,0.0026424456163673484,0.16563762017186076,0.010115554141175208,1.2304644529746271,0.05601701044567182,2.11984304168338,0.0861036242773256,3.1971059554357266,0.0684564743670935,5.749147478174283,0.15334856262979626
1025.0,0.0032075448316853344,0.0001003237922050495,0.029235842039760658,0.0027133882509203793,0.16853074370041485,0.010209108518255194,1.2610099227254958,0.0577375442735226,2.1740605800960364,0.08784281109801347,3.279166242263075,0.07090755997830174,5.896851148568267,0.15819584570970335
1050.0,0.003217619674967667,0.00010672127112877703,0.02958078501833204,0.0027724369887174357,0.1714349656681395,0.010356321048633297,1.2915446141155345,0.05934905835755522,2.228147884627116,0.08984484627598227,3.3613822990401436,0.07367554634082675,6.044151306901506,0.16348702695386347
1075.0,0.0032121687293143364,0.00011116282508097497,0.029970531349546657,0.002862186353465219,0.17431443091431156,0.010527214776989898,1.3222368775997857,0.06097827223101144,2.2824120724496906,0.09152896314655981,3.4443280090797788,0.07631752236364912,6.191488735399474,0.16830037073521598
1100.0,0.0032178341475949963,0.00010908172719885522,0.030335580739126636,0.002937150950572043,0.1771842008016225,0.01058894870457165,1.3528516191884692,0.06253899546824572,2.3367719791266612,0.09279891145257327,3.526900489041735,0.0790179977719545,6.339666739397299,0.17322434036203369
1125.0,0.0032276612613050043,0.00011264954215265254,0.03073387034561532,0.003003507948001948,0.1800220821741333,0.010765144898799978,1.3834615531279466,0.06426996420345092,2.3911966037802577,0.09404139964057805,3.609544151225059,0.08136452067693767,6.487423599225087,0.17820060706207205
1150.0,0.0032243875127226625,0.0001103163515916335,0.03112865215722334,0.0030341907876478176,0.18272180880267902,0.010894532371025833,1.4143356156825615,0.06596855143744391,2.4460470821877887,0.09495648156593757,3.692610995704654,0.08346603430039883,6.635350813350227,0.1825275313582178
1175.0,0.003229989328026673,0.00011478848672292134,0.03153367419860899,0.0030874206035212044,0.1854916680418555,0.0110205681415797,1.4452335598948312,0.06760610527993018,2.5009274065094225,0.09610748196780892,3.775656873629644,0.08564991112196586,6.782558961767407,0.18802649214208067
1200.0,0.003224848251396663,0.00011249797794923902,0.03191171361353032,0.0031664736961832985,0.18822726250645833,0.011190538506692495,1.4761456105409958,0.0691420752252109,2.5559146081609954,0.09761499678451854,3.8583372703969028,0.0876718378993639,6.929231781545922,0.19319305405834147
1225.0,0.003230689692578004,0.00012032574484979633,0.032268533093938685,0.003202202990036544,0.19100269749833476,0.011332524735985889,1.5071630741972502,0.07058186067387187,2.6109481482813326,0.09886862984262113,3.94162589152571,0.08972741074451575,7.075947376041553,0.19855344228505817
1250.0,0.00323112717331067,0.00012615111340179508,0.0326465042593787,0.003256973504150141,0.19376272833915217,0.011490825823638369,1.5382315969725187,0.07205580564496056,2.6660145267103754,0.10047524201386404,4.025067615050854,0.09205143499110385,7.2228276309694195,0.20377557421717535
1275.0,0.0032279350717933273,0.00012587073458441656,0.03296411597255136,0.003317110552600887,0.1965339430833916,0.011573484208723629,1.5693163732690054,0.073240928464858,2.7213859411454795,0.10187446506085016,4.108729189220441,0.09432621059394282,7.3697489395819025,0.20945706537601236
1300.0,0.0032329969402496686,0.00012348284822820662,0.03333330767951238,0.003371429955038385,0.1993111150780891,0.011635167366070925,1.600544313970939,0.07449246484361938,2.7769672906682428,0.1036211155713334,4.192297104469318,0.09652007415805611,7.5162578539012035,0.21552937717217177
1325.0,0.0032323052557459925,0.00012352953641647126,0.03370409249884364,0.003443538128370208,0.20206058787566678,0.011735961037866036,1.63192194659413,0.07569883224610151,2.8327074569741164,0.10528607981547304,4.276560001573318,0.09880636378969504,7.662477747684979,0.22116972877913635
1350.0,0.0032380437222973343,0.00012533830221255358,0.034031042117223714,0.003461597761221506,0.20484797198256868,0.011868270138806234,1.663322874118589,0.07665117887344564,2.8887570192442915,0.10697102342865279,4.360941023220685,0.10036430483089,7.8092899134772,0.22812297694744432
1375.0,0.0032346831789380006,0.00013208546467182537,0.03439829758520339,0.003548614947469935,0.20755545455224989,0.01194500527937092,1.6947989115351028,0.07771100396117034,2.9449506332949396,0.10861689682684689,4.4455066794396565,0.10244052230073346,7.955809258692867,0.234626941369227
1400.0,0.003240089882056004,0.00013145972727968247,0.03478004725896673,0.003601994658415418,0.21021703688583934,0.012091973839345075,1.7263350447770809,0.07888038842600015,3.0014802045869513,0.11029550009982489,4.529639485432171,0.10451492604272808,8.102691631108303,0.24132588807510155
1425.0,0.003246717677079001,0.00013922181586129275,0.03514805673006763,0.0036115021868117136,0.21293325987020245,0.012244766138271433,1.7580483163033653,0.07964793686974575,3.057717895995122,0.11171425228483779,4.61390218232047,0.1063809538445585,8.249037076726566,0.24842456112891836
1450.0,0.00324271355800133,0.00014126526780943545,0.03551330433282927,0.0036489535815241846,0.21565149472462802,0.012436760691134993,1.7899410772568616,0.08038726796125291,3.1134639717355768,0.11296554813765897,4.698053463923805,0.10813644368158722,8.394368537533497,0.2566392823127728
1475.0,0.003241847027176333,0.00013592405994433663,0.03588663736552424,0.0036879335424425245,0.21832092108366963,0.01260417293981705,1.8218575323680926,0.08116914030126766,3.1694773570459676,0.11412316310393995,4.782239658873126,0.1099318757601752,8.54044657928807,0.2641424043109886
1500.0,0.003243217976761666,0.0001412518049992496,0.036198598055302705,0.00377360131929335,0.22096313255638203,0.012770596233280373,1.8534686657294315,0.08205317613832665,3.2254827653550415,0.11527878363466296,4.866309726728151,0.11212364934257296,8.687694845889633,0.2730058514756696
1525.0,0.0032460548925956675,0.00014284342674547414,0.03657777268728295,0.00381617251881175,0.2235859922237946,0.012938776292509432,1.8852899148736002,0.08282583713670356,3.2815740042142596,0.11642801252643245,4.950879533300196,0.11405832707671852,8.83556830907464,0.2813765983184881
1550.0,0.003247742081617,0.00014864297670369418,0.036953226736136706,0.00386084273150354,0.22620415803954713,0.013082439946275129,1.9172684946543548,0.08341369019967557,3.3376505089724637,0.11733331022060585,5.036151389851215,0.11612110132438026,8.983654772471661,0.28934303603271444
1575.0,0.0032488906095223236,0.00014449133899919824,0.03733982457493765,0.003880138504270968,0.22875026176049798,0.013074745217415333,1.9491822355814965,0.0841109625319839,3.3939321421059208,0.11843699051930913,5.120987669430529,0.11768008762865607,9.130997562655788,0.29684057301434685
1600.0,0.0032535635001953328,0.00014201731528751526,0.03770964400698499,0.003922722958113414,0.2314221195955941,0.013204353610116843,1.9809786581235986,0.08494409466798003,3.449943430717188,0.11998712044097419,5.205972360465644,0.1192475226130433,9.278830505263025,0.3043873252622624
1625.0,0.0032601749945899965,0.00014720722952022488,0.03805362057486337,0.003975375471843442,0.234030825112003,0.013463718435480113,2.0130123949729573,0.08569531549226199,3.506737118234742,0.12148824327990104,5.2907880069346085,0.12112406142236419,9.426420545982136,0.3113713605831897
1650.0,0.0032555204306190027,0.00014799734112384906,0.03838372811722134,0.004016699446805467,0.23668033261469426,0.013618982340924905,2.0452233470069814,0.08630676164012704,3.563430964365291,0.12317586736648262,5.375751940188108,0.12282798547923622,9.574021380526766,0.31830024465409545
1675.0,0.003255999418433333,0.00014299728069262186,0.03872336437145279,0.004093787239770645,0.23935975952653965,0.013762582347876662,2.077563595049619,0.087044171288085,3.6202673484743824,0.12476875457643631,5.460520549807304,0.12472775109497973,9.722524760157077,0.3250975083806576
1700.0,0.003254613714466995,0.00013962690139540678,0.0391138966491131,0.004142909815806233,0.24202643122320766,0.013970708030854602,2.10980018111039,0.08788052598072338,3.6773139213530035,0.1265782666809659,5.545118383216233,0.12662895722924858,9.870361472185365,0.33285302988809073
1725.0,0.00326164363959,0.00014910527362998352,0.03945545089547808,0.004171973989876685,0.24471354837278883,0.014103897602705353,2.1420493732443737,0.08847983290091106,3.7340422821799635,0.1283005527224952,5.630074208392759,0.12881219946946815,10.017957699727978,0.33965960294238834
1750.0,0.003267353214214673,0.00015428479647492386,0.03980687923234268,0.004178195814768371,0.24746539905335915,0.014235954686187002,2.1743567290945265,0.08906517513547564,3.7907268032246213,0.13037383991106918,5.714885349853921,0.13094620645249466,10.165800899235387,0.3467298402521638
1775.0,0.0032614176915923315,0.0001616123901085756,0.04013659604165332,0.0042417673705164635,0.25015906534929744,0.014345190105230353,2.2067407774972585,0.08950619992303736,3.8475306849849953,0.13190376333231033,5.799301389489281,0.13355158464916453,10.313714420227418,0.3537942879600421
1800.0,0.0032635190824313333,0.00015337991916343515,0.04046335923547024,0.0042876817568380104,0.25272093062400963,0.014436137913649337,2.238897425145784,0.09010636794624703,3.904332133503612,0.1332742931086188,5.884186387735066,0.1364194425931611,10.462259100033284,0.3598641858249136
1825.0,0.0032649289691953306,0.00016249971616918188,0.04081798135209065,0.004321805472183873,0.25525921016832676,0.014612667040603792,2.271130439870815,0.09106356206635648,3.9613210835657067,0.13451217302557933,5.969434480919055,0.13914904165365272,10.609486061629395,0.3672740593992529
1850.0,0.0032666294094609995,0.00016073613038674868,0.04117174388954301,0.004371308637596961,0.25787219888020574,0.014864933518564244,2.303336709669561,0.09196371221999047,4.018620011287892,0.1352347320661681,6.054908407443989,0.14246657488967093,10.757365003557826,0.3750190841570288
1875.0,0.0032639606590146608,0.0001574892460980163,0.041479828173976316,0.004425899883186849,0.2605410400436177,0.015028976280957996,2.3355971018895456,0.09282131435927739,4.076155266305474,0.1364811464510395,6.13957706246378,0.1452317137974125,10.904924714472733,0.38331116981230223
1900.0,0.0032656341012256675,0.0001593407044451201,0.04178293961224767,0.004476255440987002,0.2631840482079503,0.015243106281725002,2.3678267325680356,0.09361130497812971,4.133947756642383,0.13771457130553433,6.224188237051454,0.14828968247933938,11.052330998966266,0.3921029823477601
1925.0,0.003268761409185004,0.00015733263086284587,0.04215241051875099,0.004488850343229126,0.2656525527006018,0.015397735883525958,2.4001657538184524,0.09453699642985869,4.191869226877171,0.13875832354093023,6.308568977688091,0.15145846998271667,11.20047324857534,0.400249889324469
1950.0,0.003269470352224329,0.00016498649839490523,0.042458050152826686,0.004548554096772576,0.26822648499988555,0.015616314500096566,2.432306147905334,0.09567747903502259,4.24983607039651,0.14014740408860699,6.393489066221484,0.1551462421983648,11.349099821074262,0.40898480122428993
1975.0,0.003269136100754659,0.0001653643785455124,0.042782673078810673,0.004555897123502338,0.2707638258580089,0.0157943531035117,2.4647395533444687,0.0963257162436966,4.308111557627811,0.14160388856867945,6.4785202691710015,0.15873459338706652,11.49757706328784,0.4192830941849457
2000.0,0.003269305586142661,0.0001660304210474836,0.04310617133634864,0.004621714920748659,0.27321753801114534,0.015943548443063962,2.496877584266273,0.09700985537425706,4.366075648575505,0.14290022533368998,6.563033109088494,0.16282311370397032,11.646863598545577,0.4290856149285225
2025.0,0.0032786156428850012,0.00017160151759901016,0.043415895550407,0.004646556058600494,0.27569185752835323,0.01614226936837513,2.5289646813061144,0.09795815488158506,4.424226303759237,0.14380047083523034,6.6478244890478635,0.1665971693384769,11.796458158900961,0.4388952483288849
2050.0,0.003278936889413332,0.00017024399121126532,0.04375924004548063,0.0046742637696320375,0.2781098404936475,0.01641088360416558,2.560963323335409,0.09876843555113556,4.482601207320107,0.14495510074932794,6.732682527266579,0.17025396165283788,11.944995350781074,0.4488568896372074
2075.0,0.003279011056672666,0.00016983495208299862,0.04406622836490304,0.004704902672516572,0.2806552262583544,0.01666400081807233,2.59308771387796,0.09969609814221034,4.541101070055561,0.1460661340491682,6.817522711184999,0.17374229842664154,12.094340045365119,0.4594949707528813
2100.0,0.003276990143641661,0.00017415274548355462,0.04438877447139402,0.004713543382456394,0.2831520917030319,0.016818861803441224,2.625262554523606,0.10057796369355361,4.599217588792315,0.14698030886504085,6.90175157044418,0.17744090617606229,12.243027556179516,0.4697287453479844
2125.0,0.003283445678105667,0.00017266298432474966,0.04471190662621492,0.0047617245004296545,0.28561961222404547,0.016991037063579923,2.6574354274621945,0.10137421348122,4.657185421136206,0.14795182342957738,6.986297449403313,0.18147254039639246,12.392047139267966,0.4794861811171089
2150.0,0.003289686599582326,0.0001795456429951289,0.045061265916769726,0.00477562365665471,0.28804434836245435,0.017191419510169195,2.689384347994964,0.10233861427861987,4.715263460367143,0.14847049325458417,7.070540863606749,0.18600268361435826,12.539881399944479,0.48930676412805335
2175.0,0.0032857497325199936,0.0001822433371223926,0.04537955049109596,0.004832088733711481,0.2904636244929684,0.017331788880967706,2.721162608162455,0.10323768689805268,4.7733978492434845,0.14910913519344252,7.155356088338461,0.19059609929830115,12.688202211587567,0.49907528478652236
2200.0,0.003285708193698994,0.0001825616010109559,0.04565365130739734,0.004842479125145067,0.2928770316458449,0.01748446193726377,2.7528979848027175,0.10436738006151192,4.83161833765414,0.1494382392003918,7.240568180614651,0.19560105494783678,12.835833751362834,0.5087522896223562
2225.0,0.0032872148228030025,0.00017998783364166898,0.045980473248389914,0.004869149270487048,0.2953069204402305,0.017600262019678726,2.784779131126405,0.10567667652539027,4.8894504199149,0.14977549207768406,7.326173394981396,0.2008836355129364,12.985064629085118,0.5186386149301436
2250.0,0.003289822621874,0.00017957060923352066,0.04627224166436471,0.004867742938837015,0.2977232760737784,0.017763165777843384,2.816930108184168,0.10691857346167699,4.947195567928464,0.14990209877324714,7.411063004598541,0.20651730941542193,13.133968578393635,0.5277464954210415
2275.0,0.0032962738841056643,0.0001810556350058002,0.04657866543865892,0.004880859429026695,0.3001455894412642,0.017851585080411875,2.849073886042082,0.10809114928837561,5.005331344723173,0.15049670760619663,7.496103115186714,0.21195882796802276,13.283253375329545,0.537463228780853
2300.0,0.0032919655560493363,0.00018472341277460836,0.046843615594218735,0.004939367452674899,0.3025028488479696,0.017975299956616526,2.881157785626003,0.10939621447785966,5.063418281283259,0.15124817554067324,7.581016973696237,0.2170622308743892,13.432352424465329,0.546289599477396
2325.0,0.0032952191895759997,0.00017618196955915703,0.0471458101992834,0.004952996427146498,0.304832011914186,0.018113977479737173,2.913748995896721,0.11094068858177175,5.121662521300999,0.15292794841444068,7.6658003627152,0.22206951192359664,13.58173595941587,0.5560909416636721
2350.0,0.003296117015535998,0.00018231114814188133,0.04743045503871204,0.004967243169856339,0.3072033031558987,0.018279404122841358,2.946080243773316,0.11254783934774873,5.179713500579934,0.15434911688642,7.750549497359555,0.22743573728782732,13.731641532597408,0.5653072558391139
2375.0,0.0033015407820866645,0.0001793406967620001,0.047761252509410726,0.0050217575275676735,0.309584562416946,0.018443430793214404,2.9784057716796344,0.11411619784132832,5.238143077906449,0.15565872553559876,7.835303652710617,0.23279681074994038,13.88037821362808,0.5740440671996402
2400.0,0.003299794486978999,0.0001790764786787451,0.04805985346824306,0.00505562973703873,0.31198180650121404,0.01863804186982199,3.0107941527628106,0.11554317773591004,5.296431558475515,0.15693941134692121,7.920092485813707,0.23830122232967665,14.028862541557778,0.582671036964368
2425.0,0.003298326990065327,0.00018285797213978995,0.0483606402911047,0.005072505544251519,0.3143231192689024,0.01881049667120631,3.043260639263758,0.11711219673160793,5.354451161972806,0.1580853820193167,8.005478227391773,0.24375777890705155,14.17801373953089,0.5918071810037708
2450.0,0.0033000769535090012,0.0001789907082214502,0.04864334411695933,0.005095912071591931,0.31676620472595723,0.01890439239620458,3.0753563435959754,0.11843694325191659,5.412529625528741,0.1592304202870236,8.090508277081263,0.24904433679314505,14.327611156498524,0.601444662521357
2475.0,0.003305361434262002,0.0001770852859758337,0.0489345562469789,0.005121217482715054,0.31906618362292505,0.019008610490633338,3.1078203352592713,0.11992834796947288,5.470248921448634,0.16050018033804883,8.17593131078875,0.25436956213596457,14.477141942823962,0.6122071543028484
2500.0,0.0033079009688206608,0.0001793492254513094,0.04923886467181419,0.005152956845650346,0.32129394985361875,0.019206814423264582,3.1403371684364894,0.12138979874267991,5.527686888184653,0.16222934349451176,8.261644721029107,0.2591056427978515,14.624832067322421,0.6223555683985312
