Delta T,tau_T,MSD(2500),stdv MSD(2500),MSRD(500),stdv MSRD(500),MSRD(1000),stdv MSRD(1000),MSRD(2500),stdv MSRD(2500),MSRD diffusivity exponent,shape factor, stdv shape factor,aspect ratio,stdv aspect ratio,T1 rate,stdv T1 rate,P(l<l_c),stdv P(l<l_c),trapped edge lifetime,stdv trapped edge lifetime,T1 success rate,stdv T1 success rate,Δstdv ^2_n,stdv Δstdv ^2_n,v^2,stdv v^2,correlation length,stdv correlation length,tau_eff,stdv tau_eff
0.05,0.1,8.435635320199995e-5,1.1896903080458163e-5,0.00012542614553999983,1.3371935781771475e-6,0.00012593535068599972,1.229222391818417e-6,0.0001264955383756668,1.0900595593792756e-6,0.008274408182675672,3.7615871063788027,0.001928417357559709,1.1861726904607628,0.007651478905349669,NaN,NaN,0.0,0.0,NaN,NaN,NaN,NaN,NaN,NaN,0.00016815272826391,9.63539362655983e-7,-0.09192856461714684,0.0006148966385370932,0.009999391897913157,0.003442703339783315
0.05,1.0,0.0005519056485330003,6.107217579372769e-5,0.000914787522117667,6.2419602011774725e-6,0.000922728239138664,1.0887371727336027e-5,0.0009455767423859998,6.924177788997606e-5,0.05252937765892749,3.7612596727322427,0.0014436289086592472,1.1818318775796905,0.004192335896463445,2.0e-7,NaN,0.0,0.0,0.0,NaN,NaN,NaN,NaN,NaN,8.772637739147e-5,3.9127068365400655e-7,-0.09268730584276079,0.0005565363721518995,0.04058708138242888,0.00546000967958648
0.05,2.0,0.0008869692120720005,3.4504966913271855e-5,0.0014804366204369975,2.6162750301130204e-5,0.0014850579561913313,2.8221304208304278e-5,0.0014853218657303346,2.9920529666348055e-5,-0.010012923405309074,3.762083560572324,0.0017331860476145701,1.184943099541412,0.005240286501601762,NaN,NaN,0.0,0.0,0.0,NaN,1.0,NaN,NaN,NaN,6.502964420833166e-5,5.560772979265349e-7,-0.09065447617685986,0.0007182780654310156,0.06638282107911712,0.007070992473692591
0.05,5.0,0.001733042727286999,0.0001857166907560588,0.0024418504981566663,6.428392077615195e-5,0.0024798847972036645,0.00010791235311342388,0.002576401828179664,0.00017850913249803688,0.02055581133179955,3.762846225536748,0.001698626515703401,1.1855035421008124,0.005932736390306649,4.0e-7,2.0e-7,0.0,0.0,NaN,NaN,1.0,0.0,NaN,NaN,3.917452643077999e-5,3.6122016525756225e-7,-0.07965772615087649,0.00100255812029785,0.10469564648368426,0.009662548113356153
0.05,10.0,0.002432695199816999,0.00021681372376278115,0.003167974194166336,6.754227449602457e-5,0.0032097461732449963,0.00010282756873691088,0.0033079009688206608,0.0001793492254513094,0.04205910324687036,3.762665190426361,0.00140125199629344,1.183303843166722,0.005493054481678203,3.6666666666666667e-7,2.6583202716502514e-7,0.0,0.0,NaN,NaN,NaN,NaN,NaN,NaN,2.4671464111610002e-5,1.7033525987845761e-7,-0.06690822439012481,0.0010793141510954455,0.11143920565123094,0.01527704753289189
0.05,20.0,0.003322470203026,0.0003749622422406135,0.0038053706470676713,6.59031016359304e-5,0.0038897942549923365,9.755430284069902e-5,0.00402592405287934,0.00021719643239281753,0.03510839295399803,3.7632304176577485,0.0014130175255768279,1.1851743663562853,0.003862387353695701,5.142857142857142e-7,2.2677868380553634e-7,0.0,0.0,0.0,0.0,1.0,0.0,NaN,NaN,1.465633379068e-5,7.144109763994039e-8,-0.049815071210460256,0.0009092986040094563,0.19238389770343048,0.02111644990131317
0.05,50.0,0.004147981853227002,0.0001618512846777219,0.004348280151610674,5.741917611821755e-5,0.004408689375943676,6.759269077923466e-5,0.004522963759286003,0.00014215544868441667,0.03148104616596027,3.7641518804931975,0.001564884070296302,1.1879848943979068,0.005290174101138297,3.333333333333333e-7,1.0327955589886445e-7,0.0,0.0,0.0,0.0,1.0,NaN,NaN,NaN,6.68681884602e-6,4.621101518804577e-8,-0.027964832410442907,0.001468875076251798,0.3095485887462849,0.03619638434088669
0.05,100.0,0.004819942195408992,0.0004816961856893092,0.004558939889985984,7.466040354627424e-5,0.004665285979491336,0.00018467944899169076,0.004773203790477347,0.00028309320209297316,0.014932870362905516,3.7639817913351115,0.001110733003363535,1.1867628821016691,0.00437334677190828,5.6e-7,1.6733200530681513e-7,0.0,0.0,NaN,NaN,1.0,0.0,NaN,NaN,3.5260875657300006e-6,1.7777754201272948e-8,-0.01318684656704805,0.0014730008435939969,0.24446135019482712,0.08081098789572733
0.05,500.0,0.005942549694892997,0.0003803220281423425,0.0030388761748956655,4.748979825180019e-5,0.004188279836787002,8.63298728732384e-5,0.00489837455734432,0.0001908286103138311,0.09106114173086827,3.764257533280863,0.0017945988869019565,1.1872937964810681,0.0063816863443911815,4.5e-7,1.0e-7,0.0,0.0,0.0,NaN,NaN,NaN,NaN,NaN,7.375946686299999e-7,7.826987876892068e-9,0.012784924516810394,0.0030258268915900853,4.61050530506527,0.016627346828965054
0.05,1000.0,0.0055684279590740016,0.000494546145918087,0.001847136596751662,3.549919039422028e-5,0.003000437909576997,0.00010755126529530969,0.004369873335474668,0.00024650380375217036,0.2831164882870763,3.7647729085393444,0.0017336334106432198,1.1885546891803527,0.005562423489274814,NaN,NaN,0.0,0.0,0.0,NaN,NaN,NaN,NaN,NaN,3.6666071560999996e-7,2.4586337035892407e-9,0.018907202458006634,0.0015285430217297882,5.170061210556052,0.03131219061674695
0.1,0.1,0.0003077315905650003,7.940230507298971e-5,0.0004945150571166667,2.657965333981507e-5,0.0005040269420953333,4.9257675396873275e-5,0.000509859301268333,6.574450622757913e-5,-0.0025135600143991934,3.7621989262901843,0.0012454862067629734,1.18380934326952,0.0038737298084166793,4.0e-7,NaN,0.0,0.0,NaN,NaN,1.0,NaN,NaN,NaN,0.0006223478476195001,2.49333280739448e-6,-0.09045503543834188,0.0007804658310868703,0.0133527843425079,0.0033107586832888366
0.1,1.0,0.004921011178133994,0.001328462225042793,0.0040861707424300064,0.0002495292914806067,0.004565440050013663,0.0004905343792178589,0.005969910018358996,0.0010581478351085968,0.34613559206768696,3.765660746479116,0.0012326007264528889,1.1814229976697412,0.004626284620980353,2.6399999999999997e-6,8.983936281558941e-7,0.0,0.0,0.0,0.0,0.7857142857142857,0.3933978962347216,-1.0,1.4142135623730951,0.000325851383132852,8.99448262733069e-7,-0.09250484868448729,0.0009787517936893247,0.040025566263680715,0.006239745483974095
0.1,2.0,0.013545075146786984,0.0025562393070604843,0.007694028801069659,0.0003257818605091681,0.009620718012468003,0.0006917144003966595,0.014886633232727667,0.0020506047768463972,0.5288622724057569,3.7653013598554907,0.0013076037189457437,1.175826817291106,0.003724574428123927,8.9e-6,1.3441230102437304e-6,0.0,0.0,0.0,0.0,0.7455555555555555,0.3272469021693313,0.1111111111111111,0.2721655269759087,0.0002446310425404546,8.573934993675677e-7,-0.09051858576632994,0.0009744557134086099,0.06814522831630013,0.0075145269359700095
0.1,5.0,0.034760201059395,0.006013037516834484,0.015413664327139628,0.0008147895923380506,0.021134804616438334,0.0018690166153314776,0.03548250529962432,0.004234799826646669,0.5736659973163049,3.765260119904574,0.0013576269258294515,1.1708550984312938,0.004510240762942873,2.7920000000000007e-5,2.847533045364785e-6,0.0,0.0,0.0,0.0,0.8578720491306301,0.08113111073950788,0.7592592592592592,1.4412357523414274,0.00014934547055859792,6.467483627719122e-7,-0.08028801753441182,0.0008089685258761951,0.10667203401406077,0.011767982344211144
0.1,10.0,0.04893945813914792,0.007815269533033556,0.021032604414690313,0.0012917155007644125,0.028826571116406324,0.0026424456163673484,0.04923886467181419,0.005152956845650346,0.591502884955205,3.765065221543807,0.0015072544354605415,1.1656508889713777,0.004482167935854149,4.4739999999999995e-5,3.8529065507599455e-6,0.0,0.0,0.0,0.0,0.9118758888170653,0.05295061574322968,1.7666666666666668,1.4233502471022113,9.441957771232639e-5,5.9669775692069e-7,-0.06663085887386501,0.0014498159060023549,0.15984307162633923,0.0165459799984938
0.1,20.0,0.060978940128254035,0.007181259910391407,0.025324272060215647,0.0010535167994466612,0.034783951312220646,0.0023562457226446224,0.059291620964488985,0.005601386659772188,0.6171114355936572,3.767608552336396,0.0016857842488292576,1.1706780075657832,0.004161942964194123,5.581999999999999e-5,5.384298159153768e-6,0.0,0.0,0.0,0.0,0.9083211208725915,0.06025192927796755,1.6625,0.975971229734689,5.7177773008350104e-5,4.470764009741278e-7,-0.05051090559114355,0.0014319671013876315,0.28044630406097687,0.021748998846910294
0.1,50.0,0.06269264861029201,0.007478388352367373,0.02663375321014399,0.0006439215826657818,0.03619357743045066,0.0014749013296882511,0.06008275961381429,0.0026760621647370633,0.6032623629302011,3.771180442714493,0.0011703598134647705,1.17821552153286,0.003545900711083807,5.05e-5,2.0853989759489392e-6,0.0,0.0,0.0,0.0,0.9226687157501446,0.06326026681737605,2.0238095238095237,1.1564175661505611,2.690516423360964e-5,1.1143943793404026e-7,-0.026721488927786547,0.0013070087373192683,0.37668010645745426,0.04851582833477743
0.1,100.0,0.05793976412706205,0.007666025502741423,0.026104005379765656,0.0012284373026512066,0.03430960712331537,0.002411604454851722,0.054954775805252015,0.0057353961370220675,0.569330022035316,3.773913753545995,0.0012462161528076666,1.1842076933690149,0.0036348500527868858,4.1700000000000004e-5,3.4580019921593114e-6,0.0,0.0,0.0,0.0,0.9272627958332629,0.06766663234472765,2.1875,1.19335960332883,1.4585391803001953e-5,8.532556440308698e-8,-0.01142896038798164,0.0014808758324197356,0.6734752965100703,0.07325640107012617
0.1,500.0,0.038169251212809986,0.003943011556598789,0.014941842969583346,0.0008848740729249398,0.022447616611495302,0.0016853907236871603,0.03317609385275898,0.002939519084400585,0.4000091666401361,3.7783727004727536,0.002103481403337212,1.1961341952818159,0.0053192636275215255,1.504e-5,2.4563749261417275e-6,0.0,0.0,0.0,0.0,1.0,0.0,NaN,NaN,3.244961053993212e-6,4.6666982074865614e-8,0.01752552388527926,0.0035576181482217316,4.732967547283462,0.016009167525219792
0.1,1000.0,0.03293611965094003,0.004491869782858858,0.009167748779158005,0.00040131103520678053,0.015540185224669337,0.0009105641253816478,0.02666004753363134,0.002374404835885815,0.48795551006810967,3.7798933129096652,0.0015118655366690085,1.200640450566348,0.004239344944409608,9.54e-6,1.472865687472328e-6,0.0,0.0,0.0,0.0,0.875,0.31732387941099616,3.0,1.4142135623730951,1.6651944358224287e-6,2.416605971575619e-8,0.025590520607899504,0.004422884246483499,5.4607770549173615,0.031074228989034256
0.15,0.1,0.0007037691225040005,0.00016316133546534576,0.0011075772490279987,2.4045636608413064e-5,0.0011201395679686678,4.8318352696166096e-5,0.0011621873832206647,0.0001165617467300951,0.04524899907526076,3.766748655610806,0.001613656173420708,1.187006574137992,0.005864051922260277,2.0e-7,2.0e-7,0.0,0.0,0.0,0.0,NaN,NaN,NaN,NaN,0.0013320837928413429,4.111151581494194e-6,-0.0901690695205334,0.0007407531255537122,0.008789425538173598,0.00384190161810993
0.15,1.0,0.037022616077529005,0.004777352876077534,0.0157968714955057,0.0008609902401025118,0.022549110943320343,0.0019394167263663026,0.03758130869163598,0.004960549134110387,0.5867692254801807,3.768273291682089,0.0016863258798141363,1.1590376207294812,0.005443156941958802,3.856e-5,4.3141112127013555e-6,6.666666666666667e-9,1.405456737852613e-8,0.0,0.0,0.31425601693155325,0.0507443056092741,0.5918499658010972,0.19275055040444414,0.0007363346916953339,2.6725598534825195e-6,-0.09324884540889443,0.0005326296764022435,0.05065065013573537,0.005859635593420588
0.15,2.0,0.06838819752320095,0.0087792956003858,0.029887736215514035,0.0010271449362333801,0.0423454933857523,0.002028393335005946,0.07015257957310787,0.0060508009848607896,0.560659855720765,3.7697214471886875,0.0010449542932147392,1.1518476672152052,0.0035386025363054133,0.00012402000000000002,7.74679862193983e-6,2.3333333333333337e-8,2.2498285257018432e-8,0.0003280621817207119,0.000693280317797675,0.34706444252070934,0.03790865014528537,1.3661305498290308,0.14241013876827074,0.0005549715015459463,1.566820781693489e-6,-0.09040504596420573,0.0008404589257892033,0.07999244522302268,0.007369940968974903
0.15,5.0,0.15052335943702402,0.01938640883144829,0.06293994954182638,0.004714781221106507,0.09397818626763396,0.008348410599826986,0.16597260725553445,0.017924547241417618,0.5890255938522109,3.7770916440901514,0.0012717629644264329,1.161058142302156,0.0035801527685754213,0.00032416,3.075578355727947e-5,2.6666666666666674e-8,1.405456737852613e-8,0.0,0.0,0.3823509750849602,0.025784086418081702,2.384093130288174,0.1562770933735218,0.00034690025972396925,1.2647565600056486e-6,-0.08066379725157692,0.0009173943466156498,0.16848944053963502,0.011005899579169939
0.15,10.0,0.2917395050824598,0.02186632018097132,0.1047943803548599,0.006336205592803994,0.16563762017186076,0.010115554141175208,0.32129394985361875,0.019206814423264582,0.7253967370659614,3.7860357222035774,0.0008407415936229367,1.1788026242226148,0.002367419482829904,0.0005694999999999999,2.1888657641192484e-5,2.3333333333333337e-8,1.6101529717988265e-8,0.0,0.0,0.4718432195354193,0.026210733672673337,2.6874656885850983,0.0952561810465878,0.0002287386390315276,6.743661582633477e-7,-0.06696610851103454,0.0013749844256695516,0.3402621695251531,0.013850189485766226
0.15,20.0,0.5697708565225663,0.054716886793258486,0.1725401658943649,0.01263502719724726,0.304942063401644,0.029528498376659287,0.7098149881719984,0.06289837865379028,0.9442874734013019,3.7991271714681267,0.0011229892167533043,1.2085847828664364,0.002920685737985014,0.0008655599999999999,4.29276186672921e-5,1.6666666666666667e-8,2.8327886186626588e-8,5.3361792956241325e-5,0.00016874480577205235,0.5666796534167995,0.022879450967618824,2.572524666718997,0.12712612862226585,0.00014594324207242376,9.081476121245097e-7,-0.04920918594492479,0.0007785202647737005,0.677912983699144,0.024806816451093193
0.15,50.0,0.7282385484009635,0.07071418656520392,0.20010807825184335,0.012302130758132912,0.37063196621459893,0.0245266509370337,0.8918808269027797,0.07475135845321094,1.0072785398304291,3.8082890269825462,0.001236862023470358,1.2284851726787194,0.002816538798557617,0.0008362199999999998,4.490300163191271e-5,1.0000000000000002e-8,2.2498285257018435e-8,6.009615384615641e-5,0.00019004072476974242,0.632958479613937,0.020185652487331392,2.6309269487878386,0.16152312337491065,7.412006418553022e-5,7.075589284958306e-7,-0.02390683747776027,0.001914407225908496,1.4775271585077037,0.037559272181322656
0.15,100.0,0.6462207370317875,0.06256717339097569,0.1675289477903865,0.008590294799256003,0.31131793257170887,0.01863340809829996,0.7623820150787773,0.06113997130751662,1.036663728388599,3.811554667249665,0.0009116881189183983,1.236107377799208,0.002163229515838489,0.00063696,2.256423916042569e-5,0.0,0.0,0.00040816326530612734,0.0012907255755789458,0.6720160133148078,0.04231085146123255,2.7325318212367122,0.22434727601017462,4.23224624534301e-5,2.7307307885444696e-7,-0.005708338466035108,0.0014882670275067214,2.2541908404886906,0.046812527543928395
0.15,500.0,0.28284089295176595,0.03091125852342504,0.06795018669097054,0.0033951646459877815,0.1263907887216373,0.00823814881763518,0.2949570153024048,0.02640897140512052,0.9647389763849797,3.8127033046853356,0.0011757276645729705,1.2399851862040554,0.0025142405555325896,0.00021506000000000004,1.2926132015761285e-5,0.0,0.0,0.0,0.0,0.7284244541415792,0.0711298834688828,2.7037535337535337,0.20588733178725058,1.0184396617402569e-5,1.678081680557401e-7,0.02853722909284917,0.00422839297077523,5.292450112018533,0.05108565120367864
0.15,1000.0,0.16719372008881506,0.018165519459964103,0.035982942849860027,0.0023172538029285284,0.06929531216972692,0.005224213863281011,0.16358115821490812,0.012286972883882617,0.9671694250091002,3.80967921515352,0.0012500074907752991,1.2356829711653816,0.004006185962130282,0.00011261999999999999,7.2861817465970755e-6,0.0,0.0,0.0,0.0,0.756079336847564,0.03648482615388765,2.679264069264069,0.4689359712526981,5.1915888042512656e-6,1.0121120816472526e-7,0.03587066938992632,0.0036064840328018035,6.206632304251674,0.05717420454709249
0.2,0.1,0.0029593735643749976,0.0009403218779220324,0.0024033439644900044,0.00014910199339413337,0.0028049567195086674,0.0003238259493911927,0.003580810605369004,0.0007521589047174077,0.27725825099700063,3.7708555477484125,0.0012824542156707713,1.1845583303167837,0.004095894529385983,1.76e-6,4.880801391392833e-7,0.0,0.0,0.0,0.0,0.225,0.22239576556942328,-0.8933333333333332,0.9109484949731391,0.002308034714841683,4.92321359246037e-6,-0.0898124080191022,0.0008626132795161584,0.013180744101279805,0.003136982857916552
0.2,1.0,0.09032577255657792,0.012623440759002427,0.03666055382837496,0.0018515975421315388,0.052596961021530046,0.003612641314351032,0.08773154074802465,0.007870406136582159,0.518041052867927,3.783578183881614,0.0008911838289547803,1.1553474766517386,0.0030345296259636596,0.0002238,1.4491070047139766e-5,2.4900000000000003e-6,3.715333592519479e-7,0.0006404693225974367,0.0003744989368656378,0.11429468438870212,0.010052545075797196,1.9990273084064352,0.09783021961121766,0.0013288213828926395,2.3316946115313007e-6,-0.0930784442778585,0.0005630880881500545,0.06087186994888441,0.005201631316621298
0.2,2.0,0.140042085056169,0.03292360128301007,0.06596579297803154,0.0069780197658310915,0.09509928667223856,0.015463187237150407,0.158366401101661,0.03415203887256191,0.5708332807650606,3.7950203032495873,0.0014256262395562908,1.1683727444356393,0.0040813927438056894,0.0005836799999999999,6.480508896341055e-5,4.0200000000000005e-6,1.9129190414806534e-7,0.00022609294863640272,0.00014310555888571378,0.1373583673224719,0.012889139330315063,2.7692620355124746,0.13066353260780147,0.0010252104127522433,3.977006991283691e-6,-0.09068489455700861,0.0010413797943147546,0.09348261265814246,0.007887572964089547
0.2,5.0,0.6805307801075534,0.07330030441992612,0.24916174086921278,0.01958276241822889,0.438415855965934,0.039508794140657263,0.9857199135872433,0.09348216099975713,0.8982793216831761,3.819144211565225,0.0012163973495727663,1.2140472680862002,0.003206877860716377,0.0020342000000000003,8.381620103270937e-5,2.6766666666666667e-6,3.303757681007313e-7,0.0004578750935612663,0.0003347898311111565,0.22878760376053447,0.015148127911890935,2.8397403587674575,0.0989265222105803,0.0006801996481263208,2.3894390503532504e-6,-0.08054136380549115,0.0009039022385796561,0.2919274034948618,0.008995788725578912
0.2,10.0,1.971123242235522,0.0808093276250168,0.6260140848558133,0.022261282908862763,1.2304644529746271,0.05601701044567182,3.1403371684364894,0.12138979874267991,1.0318170756814962,3.8397107334479075,0.0004709446052481947,1.2574161690374657,0.0012418729736655885,0.00353816,4.66320633613111e-5,1.6333333333333335e-6,2.1256807188565553e-7,0.0016484685153278279,0.0008105927763123382,0.33617688176580623,0.006347361695920674,2.690705592002722,0.02479562402572695,0.0004804893262138679,1.2910494464388183e-6,-0.06800854268639535,0.0012841750997892648,0.6990308140938779,0.011060186098634822
0.2,20.0,2.631426517755671,0.10032880153411708,0.82828018887032,0.01987554525836573,1.6601838191541256,0.04381268355447001,4.292528728513341,0.1467838268416908,1.0490701905932251,3.8495945988152647,0.000528480945542457,1.278103457503454,0.00113368332184618,0.0038313200000000005,4.2913784369231405e-5,1.2633333333333332e-6,3.0039069210152725e-7,0.0071267853377849355,0.002882875318506389,0.4095540513039899,0.013821504233609134,2.6963209505282997,0.04190660717072061,0.0003188976419846881,9.225260237948209e-7,-0.05192841032842407,0.0007901462214331996,1.2941344767907195,0.018055675316785823
0.2,50.0,2.6462384571872475,0.11261863449697432,0.8093522666692502,0.013742377210368563,1.644954243966925,0.020206913266299018,4.282930823560158,0.12162402054136975,1.0556925913933017,3.854733609119479,0.0007025999075288812,1.2915583990663384,0.0012793691981127801,0.0031816400000000003,3.9027147246784756e-5,8.933333333333333e-7,7.023417619772327e-7,0.011989559598321209,0.004757080997263034,0.48009705154277604,0.01521753891119281,2.7596009963364043,0.0957342504899463,0.0001728321315693699,8.488383736671689e-7,-0.029258746978245025,0.0016711238791649375,2.4543004336830663,0.021331280222354462
0.2,100.0,2.2136391236843114,0.0776299469360769,0.6509549381731906,0.02014310413988024,1.3162920425407538,0.03444768102881763,3.4137300701284787,0.07338328927283959,1.0507306994883043,3.8551818665447484,0.0005283843024892515,1.2950631060497535,0.0014936930161312063,0.0024044599999999998,3.340193607163123e-5,2.4366666666666665e-6,1.8204225530367773e-6,0.03542941277712851,0.012880045474417475,0.5198920711624231,0.009649796150981074,2.795688799646024,0.14876296373792156,0.00010422192395475636,5.22550544500918e-7,-0.009032516604382264,0.0017184127552176095,3.5775488185706465,0.032206477584848035
0.2,500.0,1.0365248550955766,0.0688207926014646,0.25488058912487005,0.007342490479913993,0.5217290209949152,0.018267083327965384,1.353747428768589,0.08846436505141901,1.0477311177220832,3.8502423405058117,0.0005005163816737541,1.2916196343646464,0.0016608730842093081,0.0008964000000000001,2.2296985346803186e-5,2.3966666666666664e-6,3.5282790544994807e-6,0.1029741296373903,0.07528161132953474,0.6025936494207794,0.01836247360327987,2.7697566400056646,0.1946779085141184,2.7983697442858132e-5,3.1062400593339794e-7,0.035589337514523256,0.004442106105830506,6.776111044047193,0.03759160091821868
0.2,1000.0,0.6630007995521563,0.06779432184250583,0.1360740198314833,0.00977088555033039,0.2844985853066427,0.02343223663942468,0.7592270999155227,0.06332476058149923,1.0676677518569273,3.8457447795362447,0.0011204498707895487,1.2861591130498238,0.002993614627636965,0.00049698,2.4103194808987453e-5,9.400000000000001e-7,2.022148960821899e-6,0.2755568986024205,0.2431592949267973,0.6198674460887542,0.0360168974306665,2.8493996644082085,0.17451555245965938,1.4827167409734476e-5,3.7071504933515173e-7,0.05392030695780424,0.00433672863307613,8.035576814511069,0.05776868297629635
0.225,0.1,0.006056376715931998,0.002009407018301107,0.003494938005922999,0.0004854659478437442,0.004394664389977674,0.0008765688065005339,0.006446951278624999,0.0016228345615261046,0.4213210881042927,3.771620890177357,0.0013640634010554876,1.1777736825598122,0.004554683646866224,3.78e-6,1.4800900873482895e-6,1.666666666666667e-8,1.7568209223157662e-8,0.002272727272727271,0.007186994682200855,0.31921910691647526,0.23578363264365762,-0.6838744588744587,0.7538133906224364,0.0028888548766903,5.7887079745614825e-6,-0.09011208663405991,0.0008245516509654223,0.010151162477740332,0.00407778657962958
0.225,1.0,0.10613608984775806,0.018552037220536256,0.04860662063908937,0.004179567156990608,0.06878152908364835,0.008934858175517557,0.11205998527765312,0.018732558172043227,0.5194655385923135,3.7969800393375044,0.0016793004707080267,1.1622754227546195,0.005105827776880322,0.00044148,5.099483198216158e-5,1.2163333333333333e-5,6.41073559462544e-7,0.0011734139680677602,0.0003340194969833418,0.09671737793459942,0.0070674788541186286,2.5964373894944925,0.11838520330139203,0.0016999117300805129,5.90709478546016e-6,-0.09308766154022392,0.0009306361752532093,0.060356595629975716,0.0059361244962609395
0.225,2.0,0.22504479746160294,0.025048439569719718,0.10187230095678744,0.008001236641382059,0.15392225102130805,0.015602894263729745,0.27842202645852315,0.03081137599581724,0.6586090274743508,3.8132248926681287,0.0015404658802505027,1.1825418004687496,0.0042675939801940805,0.0011601,9.964734483835145e-5,1.5186666666666668e-5,5.96946964991318e-7,0.0007599385756212774,0.0002967550904841698,0.12485372191281338,0.008855302554626812,3.0037170486578875,0.07886005979417621,0.0013236869146747844,5.205468377025455e-6,-0.09044584087691865,0.0010332153979479262,0.11079001124456722,0.006653958082495943
0.225,5.0,1.7784183763027788,0.09278508738924333,0.5840798295015175,0.017643156918811156,1.140935337294057,0.04038518940530089,2.8922458857213633,0.18032254351502344,1.0185576163747654,3.850503206611952,0.0006713282009236906,1.2556969933212871,0.001621423096278898,0.0043865,8.320567555428188e-5,9.733333333333334e-6,4.61077642694365e-7,0.0022794691803337706,0.0005189868604669642,0.22613569646228412,0.005948453856559928,2.8039762741180745,0.0536328007742476,0.0009154002399309462,2.1821618332376063e-6,-0.08046996084356521,0.0008356857283610962,0.3851361448617052,0.009659456629238707
0.225,10.0,3.1712900974493468,0.11196102724212209,1.0578844149152866,0.03831054205619844,2.11984304168338,0.0861036242773256,5.527686888184653,0.16222934349451176,1.0539038516969785,3.867215338028506,0.0004428378454130144,1.2887498835691416,0.0008795168974887814,0.005777119999999999,6.09633186614888e-5,6.259999999999999e-6,6.949198372811883e-7,0.007236159357548155,0.0019001601172774,0.29706818064707197,0.006168990131283282,2.7749678648469915,0.034970750768630314,0.0006474328048539652,8.876262269299928e-7,-0.06973390067798897,0.000935340311712294,0.8083127119317973,0.011135902599322676
0.225,20.0,3.9556393601490587,0.1663589082970314,1.3094346658334695,0.061154245405557965,2.6764302805925704,0.12037144577411141,7.066325602606824,0.2821501955481699,1.052085935519014,3.8762541063704092,0.0005993810115056702,1.3082159034675762,0.001427020072398358,0.005920860000000002,0.0001913589773755655,6.193333333333332e-6,8.318950551097473e-7,0.020210989798846245,0.003943708923663082,0.35630699812298333,0.010258030202777733,2.8011149262803046,0.05038043654041925,0.0004367556124434839,2.147373766558949e-6,-0.055902415330573774,0.0012394744646971633,1.4195914602954787,0.013024518499338545
0.225,50.0,3.828246488839713,0.14063621764440523,1.2267395813485444,0.02564024558474256,2.529046524896275,0.06301772655170093,6.640461438804371,0.1662626154812774,1.0604196737857277,3.8794730509339646,0.0004732472335547653,1.3192633569617531,0.0009282123540990192,0.00479772,5.0508982699449895e-5,8.930000000000001e-6,3.1877253006795604e-6,0.05771336176971394,0.009039493728002999,0.4186904141788738,0.007812008404260882,2.795564922564122,0.05224037773334339,0.00024323204681614432,1.2258620074304868e-6,-0.03468121789274488,0.001196002571992982,2.511146489374203,0.020362108236111915
0.225,100.0,3.317695819733012,0.15360233255061304,1.0080481457298938,0.025257631626994733,2.0722070708255327,0.06467204182613003,5.5180559422768525,0.23254940726114084,1.0847611877163295,3.87917086413512,0.0006128075792230383,1.3227944765066575,0.0006605765295760477,0.0037263400000000003,4.489771585380356e-5,1.3826666666666668e-5,5.2179367759231115e-6,0.10978931848567997,0.01920515824664669,0.45855216066327537,0.008097779013640978,2.7267183670134285,0.09349768749137163,0.0001512708922847018,8.484825952655304e-7,-0.01685746182234031,0.001195717163943525,3.9427295020135236,0.008839689047235252
0.225,500.0,1.5990203637988627,0.08437382349112389,0.42029354083810544,0.015118674298817346,0.8722781131038871,0.03320679270044682,2.2998266135353904,0.07891706780182171,1.0708985781619835,3.8712270564750795,0.0011311846853675758,1.3165757216673053,0.0017359382540137768,0.0015241400000000002,3.814021499677211e-5,2.898333377900004e-5,1.7038796054558276e-5,0.5486558909239239,0.2068366854585614,0.5332465559704888,0.016920571461275194,2.7220137369577246,0.1496671263827954,4.448323455551774e-5,1.1231487624523871e-6,0.03005496091665382,0.002451082699188591,6.878209851054338,0.0327670852426026
0.225,1000.0,1.0335062019458847,0.06749673473317168,0.23152864062336304,0.00795310426674855,0.4924077603522247,0.020102014895927056,1.3621344891032718,0.06609745883077486,1.0986627152482127,3.8646055066677976,0.0008550822201947685,1.3099147330948577,0.0025521620499932176,0.0008858,2.2250692873106978e-5,2.4403333333333334e-5,1.4941312765633879e-5,0.962314556720173,0.46048945219108156,0.5630791145065669,0.023830377810305576,2.7700752054474993,0.14215115286151309,2.4504035332728088e-5,8.929531197932497e-7,0.04974657983170858,0.0019786874684498486,8.162549676644678,0.042023361241423134
0.25,0.1,0.010431051831003998,0.0020420425657108883,0.004983687432495338,0.0004441089803513432,0.006836522975085004,0.0007985155286275516,0.011078447283639659,0.0016653796624165862,0.5172174201485799,3.773246966056031,0.0014080320660801652,1.1723471051991183,0.004388468603592469,7.04e-6,1.4385177556545252e-6,5.666666666666666e-8,3.5311663515712675e-8,0.0017565485362095457,0.0037059778058148394,0.2574389328972092,0.10185798072753946,-0.4173989044960912,0.3989427108693002,0.003534664251194182,7.696423194433314e-6,-0.08969149962063763,0.0009132091565493433,0.012540456648787505,0.003309883446898596
0.25,1.0,0.14072803826972705,0.026405892669206905,0.06435105592560196,0.004887504389947682,0.09350622033328529,0.009000900922745815,0.1590540141924313,0.020564651467607924,0.5848573136323438,3.8132579633797135,0.001089129617253049,1.1709583887545576,0.0030499257217789693,0.00087186,6.748432245920365e-5,3.804666666666666e-5,8.664102184685188e-7,0.0019697633682998596,0.0002313731625351016,0.08919191851013822,0.004011863835171505,2.972307524377464,0.06432065114927048,0.0021173387851796907,4.883746776453662e-6,-0.09253923848112176,0.0012088569842429,0.06412831624105432,0.005891992225113121
0.25,2.0,0.5048968076494288,0.08402455094294849,0.20603616099863667,0.017899948089601457,0.34717443546130905,0.03632484996415,0.7164190495075677,0.11193875362415813,0.7878948283080914,3.8388068889987124,0.0021242635836796987,1.2089686510011035,0.00531857941157144,0.00265164,0.00020704068950597873,4.151666666666667e-5,1.2647402504999068e-6,0.0017766876990759517,0.0003454962383585149,0.1307659027657786,0.004576681759975352,3.03926592300681,0.05573735580126258,0.001678528171809376,8.17599775641815e-6,-0.09037796433188276,0.0007721504697591829,0.1323846475911254,0.006543335994941902
0.25,5.0,3.0023652783610704,0.1369856984989981,1.033361902114884,0.03747339826966603,2.06210424109967,0.08194953335786348,5.278959345407307,0.20390140235905116,1.0364638085035216,3.8815565310583806,0.0005377807690153634,1.2882835263903383,0.0010034259715772482,0.007260279999999999,8.608596220574458e-5,2.558666666666667e-5,1.3269476717100766e-6,0.005711461004272789,0.0006406635437966522,0.2253668146009557,0.0031169296779933165,2.815128604426328,0.025929105693854433,0.0011808607656194152,2.167856334878357e-6,-0.0808227367764071,0.0009502237465203785,0.46736312686333575,0.008796822161191839
0.25,10.0,4.475186808522341,0.12482663182219458,1.577800578615322,0.029796722757954492,3.1971059554357266,0.0684564743670935,8.261644721029107,0.2591056427978515,1.0305276336473708,3.8977796681555335,0.0004023259745941381,1.318405114788269,0.000613768283181249,0.00844848,7.228660241627656e-5,1.839000011422223e-5,1.7129894962775788e-6,0.017532676561501558,0.0024677906304680563,0.2731758649075874,0.005251950078285238,2.8650569453579497,0.025871548562638125,0.0008408850432848478,1.798029805845785e-6,-0.07090670031207122,0.0006912381006670545,0.8953102555718174,0.010355724368092623
0.25,20.0,5.1479484113433704,0.16935154576809958,1.8063730586084092,0.03296424211974457,3.6896362337106643,0.09884155654804622,9.601720801246731,0.3341413540958003,1.030663913444177,3.9059440430934735,0.0004695594701861206,1.3361420306922152,0.0006692955621310519,0.0082484,5.0745377457787604e-5,2.388666666666667e-5,1.8811081577715216e-6,0.05029741868353947,0.005374473115084332,0.3194981992686346,0.003756190865740118,2.8734672378617097,0.022660910377819383,0.0005746479438906565,1.0468586139659485e-6,-0.06036146643831629,0.0006907106641188138,1.4806017794850135,0.012651447915951772
0.25,50.0,4.975124988490983,0.10382246580193191,1.6883785752443097,0.032196786753377636,3.453125333181971,0.06902876661126779,9.071922270162263,0.2048380057010523,1.0603064960630053,3.9095017751237577,0.0005628907065155292,1.348740802484413,0.0011332026201626953,0.0067459600000000005,5.271590946868988e-5,4.636000107400021e-5,5.266827727225548e-6,0.1430003282799678,0.011881223368423373,0.36584538068894557,0.005442974908043099,2.8587771430087194,0.05346616908484908,0.00033020856674898517,1.0507931505624086e-6,-0.04334993169696436,0.001404914422386387,2.4717539838296756,0.022833738497314127
0.25,100.0,4.278467519779628,0.19998562125538732,1.4076725762829414,0.03569156091455426,2.8802429365238975,0.09433560939754584,7.541277690175588,0.34531778946545816,1.0422664888546138,3.91034797611817,0.0012222850690176777,1.353862143548809,0.0019177522465702356,0.00539792,0.0001274982596831117,8.470000238466722e-5,1.754783498013935e-5,0.3238504436281489,0.04174923831077011,0.3941949588526635,0.006637980987295758,2.846710573356668,0.07655604766101934,0.00021314880670689407,1.1314892405009192e-6,-0.027226695585276645,0.0014032100514797606,3.4759436857864494,0.026205174378205503
0.25,500.0,2.362263275421962,0.10679833938172716,0.6609893020086312,0.022049754519977975,1.3833087439525036,0.052424101798898615,3.772404463534758,0.19681421160603205,1.1001704843207578,3.9028495426205168,0.00257596988932435,1.3492865020265186,0.003013739031966636,0.00251504,6.27607662300085e-5,0.00014650333333333332,4.165997412918596e-5,1.3104619915051643,0.22264215159998127,0.45879010698624445,0.013074814642722551,2.755538086768869,0.117599635711632,7.281084031042418e-5,2.075916205113354e-6,0.01223536979120999,0.0014132178388869111,6.745742026985916,0.028202467729403692
0.25,1000.0,1.5596275603638237,0.08774087203038584,0.3639143991699973,0.018980294284376066,0.7846419741380376,0.04430732404554744,2.244932593804783,0.12471215366361299,1.187681849811579,3.8908099231848317,0.0028599876680424938,1.3378701427848152,0.0033440899130120884,0.0015189,5.7123978230589735e-5,0.00013120000000000002,5.757956599135746e-5,2.050669413319301,0.4146275906739146,0.525553006766385,0.015201675926060833,2.749091159972627,0.16168884678227713,4.198086754658143e-5,1.5198211987043287e-6,0.03859473115760364,0.0035593057213743604,8.555008923847046,0.05796500507722427
0.3,0.1,0.028297645229706982,0.004198874767057145,0.009795037821705679,0.0009133367757972707,0.014803648534970645,0.00167657670802664,0.027020498838937954,0.0030655718961068398,0.6465474532497814,3.7780772248810885,0.0007913729235489183,1.159956373586041,0.0035570057427995717,2.45e-5,2.665416373560507e-6,9.566666666666667e-7,1.7216845038694509e-7,0.007565689872396331,0.002469878262062079,0.17860757666867988,0.03324001438409191,0.2737351348110466,0.17430291545080584,0.00497922931664819,6.445009762525541e-6,-0.08996609989954689,0.0008485435573939376,0.0139177254189309,0.0031142210096294755
0.3,1.0,0.4500938868637411,0.06256838477557718,0.1872798756923708,0.011579048162147033,0.31630013605637836,0.02340024066185637,0.6489558781532107,0.08597705766261443,0.7694238366412612,3.8588937733707454,0.001924634258923974,1.2068530341956656,0.004905165356461013,0.0035171800000000004,0.00019233797683591592,0.00017247333333333335,3.453600733248028e-6,0.005261302402769475,0.00022770109156449144,0.12050240206389011,0.0028937425073930845,3.1079793569155143,0.059107352751587475,0.0031068460748348028,1.2452449697451005e-5,-0.0907734582778166,0.0008067892252063679,0.07820983231680458,0.00561551708326073
0.3,2.0,2.8773174442549574,0.15221955849777322,0.9835488636247433,0.04431328117438716,1.9860305328669352,0.10340327528151322,5.114168964663732,0.2920157179967313,1.0246919270035189,3.9102669993084738,0.00047749528799418854,1.286914251359696,0.0008791695674726794,0.009796939999999999,7.691796784742668e-5,0.00015675666666666667,2.88221665381113e-6,0.005917812140648948,0.00034753461816214336,0.180056634516851,0.003988385955641498,2.8365624613239775,0.044494394515295056,0.0025746480655419422,3.56029703592497e-6,-0.08742277166804246,0.0009309666659832402,0.22759931700454727,0.006641494354094057
0.3,5.0,6.056884605926834,0.2670834303294485,2.2271901713896507,0.05780314192996766,4.531806458450407,0.13894989631813048,11.654116651549971,0.5297616489080273,1.0267865741729414,3.9537172908352884,0.0005684091214303575,1.347032957251766,0.0007572639077192215,0.014880299999999999,0.0004522641927015665,0.00010666666666666667,8.738816486243824e-6,0.019617670938997668,0.0013560948007552438,0.22929216767956423,0.0021739154263150265,2.9268413515896707,0.021676981209862705,0.0018039896875901525,4.120740400233435e-6,-0.07973016983776812,0.0012513027980764909,0.5731345522757981,0.007320600967117157
0.3,10.0,7.517444771332616,0.31933294558113007,2.827887261895932,0.050450013403009406,5.749147478174283,0.15334856262979626,14.624832067322421,0.6223555683985312,1.020780206991917,3.974626880125322,0.0005391979582229686,1.3769230372576806,0.0009087774010038262,0.01552442,0.0003818600843240881,0.00011551667936967114,5.435940537808421e-6,0.05992589767750569,0.003914970064403232,0.2566159548109714,0.004079802776507817,2.9880512965767263,0.02661158520351211,0.0013064920852249966,3.1598918486860858e-6,-0.07326410795049741,0.000904715038137183,0.9790698579389765,0.007412390677457691
0.3,20.0,7.961979888817666,0.2517890271735116,2.9876962891398815,0.07077740979749761,6.079831933118796,0.17201458881668505,15.42431654339445,0.5096976553069293,1.0148910995393658,3.9889279592554763,0.0006736588265160609,1.397664328683528,0.0008189198363309962,0.014396377777777778,0.0003173908228737001,0.00020365194321934736,1.9204010336232336e-5,0.16118902670343793,0.010741631491529157,0.2782222492492231,0.0036271925961365225,2.997948959319314,0.029932791844225575,0.000916745404815489,2.988147964847567e-6,-0.06600222766771342,0.00103947673687971,1.4628056707096637,0.00855216560579747
0.3,50.0,7.356444384589995,0.18226342745658305,2.713151472375284,0.058006561563304894,5.545083817292528,0.12114600931715913,14.248413807237005,0.343067921954556,1.0328655557042783,4.0057790336735195,0.0012766395512616685,1.417282201599365,0.0013705040278375483,0.0117113,8.052520457241068e-5,0.00045415017187842513,3.516542247886306e-5,0.46609306179222326,0.01917875584100042,0.2639633264196262,0.0990773936115313,2.978717292991231,0.0305236440358586,0.0005677820945212175,2.2059340752049358e-6,-0.05692746515287462,0.0008712255957603308,2.290272752883015,0.011957244447924323
0.3,100.0,6.372957919165151,0.18462523526669825,2.2981360133936946,0.09122950160430328,4.70682170718841,0.20140040574919324,12.252588614263722,0.3806287435729536,1.0336972040826897,4.020671387678453,0.001898734606328319,1.4299062083762126,0.0018116545500737294,0.009662050000000002,0.0002793298255263327,0.0007776510848479041,5.2710039999243686e-5,0.9416437324492103,0.05180392692955098,0.26465424873856164,0.09926992536580127,2.9705053074971826,0.04442168132816967,0.0003946005337101462,1.1896756859032144e-5,-0.0513812754627634,0.0017812755153357922,3.024300752036177,0.015666715840425904
0.3,500.0,3.3216266316307337,0.12939874300653353,1.1707116035794893,0.01980357768460219,2.3880466918695786,0.04997082925590588,6.134522289376,0.25922439530293345,1.0299668022760642,4.041085261053519,0.002598453353061719,1.4426667574617666,0.0022902581862294063,0.004560819999999999,8.792205891836509e-5,0.001196290897107394,6.593515368294153e-5,2.7189587616590605,0.09965862535735191,0.3106875193995706,0.00506270983342437,2.748348021517049,0.0430029442831062,0.00020564202301863785,1.6698779378125797e-5,-0.04644600974962745,0.0015986751798723138,5.310853588908351,0.010316375456717689
0.3,1000.0,2.541367331854661,0.04945932248524418,0.7958597145402482,0.021740903458384007,1.6765987458359919,0.04030778898795164,4.380023903980306,0.05195099614369987,0.9877423260925874,4.000488901369561,0.004123566128133449,1.4162611991269232,0.002872062275068006,0.0029604800000000006,4.89940767394953e-5,0.0010043136350707308,0.00012511614977884318,3.8791526351552044,0.23810559342543006,0.4187651923201047,0.011934542054090488,2.7606096322693117,0.08425618040854282,0.0001356163766350603,1.4507325809209068e-5,-0.02607196937183,0.002836034677383419,7.241390784751993,0.028558313608123883
