F_0,tau_V,MSD(2500),stdv MSD(2500),MSRD(500),stdv MSRD(500),MSRD(1000),stdv MSRD(1000),MSRD(2500),stdv MSRD(2500),MSRD diffusivity exponent,shape factor, stdv shape factor,aspect ratio,stdv aspect ratio,T1 rate,stdv T1 rate,P(l<l_c),stdv P(l<l_c),trapped edge lifetime,stdv trapped edge lifetime,T1 success rate,stdv T1 success rate,v^2,stdv v^2,correlation length,stdv correlation length,tau_eff,stdv tau_eff
0.015,0.1,0.0012180604477099995,0.00023466572715349126,0.0003710607850920001,3.0368464671700406e-6,0.0003734456807273336,3.1522770802826686e-6,0.0003731653506503333,2.1747028839250884e-6,0.0005100803189883325,3.760098613105923,0.0017936615491595616,1.1845222328168663,0.005948055719098392,NaN,NaN,0.0,0.0,NaN,NaN,NaN,NaN,0.00030508595778588996,1.353680213148381e-7,0.2835841730911926,0.00560032957569737,0.028260119310668415,0.00429570799915541
0.015,0.5,0.007157710591444,0.0017959013013460307,0.0017474109494666607,1.6915129489865895e-5,0.0017528174118883314,2.472964578799711e-5,0.001760987256130671,1.7750138434227963e-5,-0.00017311174474815864,3.7599261493529093,0.001757704787684268,1.183206716155928,0.005513511857826995,NaN,NaN,0.0,0.0,NaN,NaN,NaN,NaN,0.00026531059128367,8.149200128024578e-8,0.33394609205101505,0.004622294208665075,0.0669437547820095,0.008800404597185701
0.015,1.0,0.01569452926449701,0.0048845072916926914,0.0032540913033519987,4.2216252875272124e-5,0.0032596315426859997,4.124878489449073e-5,0.0032847490922586686,3.127800261926169e-5,-0.00020176105512194486,3.7614982702882314,0.0011354109489150007,1.1891431002852202,0.004184879658435183,0.0,0.0,0.0,0.0,NaN,NaN,NaN,NaN,0.00023625440397780003,1.5880960615447917e-7,0.3717388239631935,0.005598393878166501,0.0893637851569064,0.01105105095600828
0.015,2.0,0.027068897859326025,0.006184313796612966,0.005835965279193988,6.439973991543508e-5,0.005840674835859994,8.381290442603961e-5,0.005863286523337669,7.35638721574765e-5,-0.019652289287755597,3.762199519353685,0.0014216789510728123,1.1908406741030253,0.003456931887908281,2.0e-7,0.0,0.0,0.0,NaN,NaN,1.0,NaN,0.00020026321673317996,1.254178318675401e-7,0.42749746456381754,0.005912604384134503,0.19511983482499798,0.01213984687331184
0.015,5.0,0.064468994176308,0.018037649709132603,0.011351806769671366,9.283743032922457e-5,0.011462000395777664,0.0001552150891034165,0.011662569861363978,0.00024788709248224687,0.07222116856259538,3.7653441147948556,0.0015894950097997452,1.2007521732459279,0.004852122653766767,5.428571428571429e-7,1.5118578920369087e-7,0.0,0.0,0.0,NaN,1.0,0.0,0.00014707086934653127,1.6197932844330988e-7,0.535605691341393,0.006965359966344555,0.3349283711387709,0.03475232643128967
0.015,10.0,0.10727803976795001,0.020277856846179127,0.017470530202220343,0.00025254290836459716,0.017768626006810357,0.00038743950288352833,0.018101014419900675,0.0004905959858335034,-0.0020669085156459544,3.767616229477709,0.0014429747199133293,1.2081725621891675,0.004588518369989228,6.888888888888889e-7,4.1365578819969525e-7,0.0,0.0,NaN,NaN,1.0,0.0,0.00010811830468396,2.906186761157864e-7,0.6488564942174235,0.007506053208197201,0.6143504017142973,0.044670171090625634
0.015,20.0,0.18251980145445798,0.030484053845259467,0.025320827270669023,0.0004472345682243258,0.026011873643375674,0.0005601547140515082,0.026712164310464033,0.0007212578148012868,0.06976887067148763,3.771399835511603,0.0013465917437755284,1.21993175033405,0.004556822884421989,1.6e-6,6.733003292241386e-7,0.0,0.0,0.0,0.0,1.0,0.0,7.536575060220187e-5,3.032369729427382e-7,0.83199788175697,0.018297151352341327,1.1413330402509823,0.08470270800008758
0.015,50.0,0.4893360375652449,0.2240220615870661,0.037207324689727005,0.000897345740390936,0.03856076071632161,0.0010059024589732755,0.040360632748157925,0.0014948884775393347,0.08882051300387711,3.775076587542503,0.0014631323567079254,1.2311696970970456,0.004877138640190246,3.7199999999999995e-6,9.670114327716665e-7,0.0,0.0,0.0,0.0,1.0,0.0,4.3551212035066836e-5,2.3425316870678195e-7,1.1579611469476596,0.023570839498468738,1.818528575544399,0.31431534148313917
0.015,100.0,0.895864951831972,0.31417268895038514,0.04672172809182439,0.0014042051067636664,0.050672543298208986,0.0018439933290378295,0.05378059492752471,0.0020498912152728302,0.09295183173579648,3.780092656446738,0.0012351831533790436,1.2456798921440195,0.0037077279462172557,5.6199999999999996e-6,9.496198069637014e-7,0.0,0.0,0.0,0.0,1.0,0.0,2.77423279892579e-5,3.072043518788731e-7,1.4422760865880169,0.09602957892712038,3.106157621203207,0.9321067492634709
0.015,200.0,1.8182485576771255,0.8920526754604062,0.050148173793640345,0.0019358985679827953,0.06023732138201235,0.0035724829731110293,0.06653473262093489,0.005327715164364043,0.06529294309212746,3.7830019410852374,0.0009556405251787215,1.2548285885475445,0.0025605683949435245,5.8800000000000005e-6,1.373398056727263e-6,0.0,0.0,0.0,0.0,1.0,0.0,1.7493228123347015e-5,2.873272859901687e-7,1.9382470442948125,0.11816149393692583,10.532251354932063,2.156135296021785
0.015,500.0,2.935576308655823,1.8210835627666353,0.03870104491835101,0.002297568271496765,0.05966172937906475,0.005050096176511678,0.08011096959916707,0.009701549755429141,0.20360243440265835,3.7890446921536736,0.0034354499632076214,1.2711419680540172,0.009164272369739093,7.120000000000001e-6,2.1482809665197687e-6,0.0,0.0,0.0,0.0,1.0,0.0,9.39243618626408e-6,4.345887109476646e-7,2.5566451552060077,0.2458908342732615,48.596919598590624,2.2593222818800833
0.015,1000.0,3.9650118748347696,2.877059415614235,0.025236682918230346,0.00105560228120089,0.04504269810053066,0.0028790672578770456,0.07308703821275024,0.008020903748766062,0.4420351797549393,3.7906233733549306,0.0027325043429390398,1.2759112237348966,0.007345279386651129,4.5599999999999995e-6,1.5137884778117303e-6,0.0,0.0,0.0,0.0,1.0,0.0,5.925498734355915e-6,2.5011059174081224e-7,3.1764616559752765,0.4601723597180569,111.30811946815943,2.996474112115817
0.03,0.1,0.006367287643048998,0.0018815467324354894,0.001521859992971664,1.4334893887766026e-5,0.0015268997305516664,1.4536465097239287e-5,0.0015345097247990032,1.4111051482763015e-5,0.013655427261813452,3.760207060245194,0.0017484331007419796,1.1843473084062919,0.00573004141199431,0.0,NaN,0.0,0.0,NaN,NaN,NaN,NaN,0.00122112215637601,6.37471891377077e-7,0.280133577272291,0.005270016174607884,0.021706123540856846,0.005423496449456196
0.03,0.5,0.02967222260324201,0.008779907455274705,0.007145318524581665,8.396913998206349e-5,0.007207620030798672,0.00012239278248250382,0.007324015634574337,0.0001786759097678323,0.05725742943572676,3.763354845634344,0.0011720411885643618,1.194016204805014,0.003167636068131406,3.2e-7,2.280350850198276e-7,0.0,0.0,NaN,NaN,1.0,NaN,0.0010636548945601597,3.279337638371064e-7,0.3344955809521823,0.004706928723054328,0.0635415474555632,0.008622463168411457
0.03,1.0,0.057319500504873055,0.013879436390335231,0.013362160874601684,0.00022941616614329641,0.013436890994747343,0.00020353037210118865,0.013608095908460328,0.0002921794325335165,-0.01482841585051702,3.766911898551382,0.0016665967497832463,1.2035482246943132,0.005856569712172502,5.000000000000001e-7,1.6996731711975946e-7,0.0,0.0,0.0,0.0,1.0,0.0,0.0009478565459345599,7.388923154384715e-7,0.3676468638569278,0.005303244216838312,0.12620284073866828,0.00880522651003357
0.03,2.0,0.10825044851115008,0.015401140987677395,0.024150620669056006,0.0003049893150335309,0.025080024978465645,0.0007188867758929974,0.027083137712867373,0.0014054429629278252,0.13864410142645697,3.76959182433317,0.0019999112193244666,1.2122979240387877,0.005897229748342019,3.6400000000000003e-6,9.179687721631203e-7,0.0,0.0,0.0,0.0,0.9285714285714286,0.18898223650461365,0.000804436664035659,4.283903184428241e-7,0.42410295043609086,0.005211414473904984,0.16466572352283268,0.014463678003253868
0.03,5.0,0.2876905592964591,0.0686135748965264,0.0517502758751083,0.0010609647768949257,0.05753319621428865,0.0020853948942044483,0.07255610926839044,0.004687619620781217,0.28138652567496364,3.7743252312945303,0.0010142695758465702,1.2275461476607135,0.0024129815442690285,2.72e-5,3.0998207833500445e-6,0.0,0.0,0.0,0.0,1.0,0.0,0.000592055076567791,9.825305232863496e-7,0.5358558453074501,0.00795872282180417,0.330757623319804,0.025316789726432424
0.03,10.0,0.5906065305868936,0.13406284784628902,0.09073671977657377,0.0018509622743169418,0.10849814129402306,0.0035658662243613607,0.15094412511987057,0.008411394584577509,0.3947186281627672,3.783452513425966,0.001193661424921144,1.2524028214924527,0.0028169532187565095,9.544e-5,6.202365140277808e-6,0.0,0.0,0.0,0.0,1.0,0.0,0.00043889549304433704,1.0175937273103334e-6,0.658023320387212,0.008728264818785992,0.5538249805212109,0.056419106067677124
0.03,20.0,1.3107392497124233,0.4429761228915673,0.16157516643187578,0.0044984229901134185,0.2176874084035123,0.008995823946766974,0.37283511504564965,0.0370509720519988,0.6664808276795035,3.8005455421968306,0.0012930359434864932,1.29190673977905,0.0022670579055930192,0.00027448,1.7925574529766744e-5,0.0,0.0,0.0,0.0,0.9987341772151899,0.004002883114137176,0.00031305369384781437,1.2714136947984337e-6,0.8099342688706805,0.012399481599589493,1.0749858144805169,0.09213455960295486
0.03,50.0,3.8682004962095156,0.64693673799283,0.33599227538987814,0.018651341289346958,0.5399481930535942,0.04342448527319539,1.2039343813710555,0.11537307198845255,0.9710639594492512,3.8288814512256395,0.0009914784645862155,1.3508011750231765,0.002354513262921263,0.00063152,2.477296016941771e-5,0.0,0.0,0.0,0.0,0.999492385786802,0.0016052170863798928,0.00019614486738613428,1.8845844062136218e-6,1.0851753419826788,0.03411677459283838,4.315944670422334,0.12462670456161408
0.03,100.0,7.345518941097051,2.085594757286,0.4701417735267324,0.030394111382258338,0.8269484724623075,0.0699443336879163,2.094545475929974,0.2527664145503484,1.1317480442003094,3.8450990362732975,0.0012012117980637338,1.3848209574428672,0.0027768231128965093,0.0007644,2.950269290910387e-5,0.0,0.0,0.0,0.0,0.998684009765029,0.002973502197833545,0.00013657336329554704,1.8047664549627988e-6,1.3320234006917115,0.04903069451251419,7.4919764298380755,0.7906432670487101
0.03,200.0,14.713558393943591,3.9490290427554604,0.5919863117451811,0.05827484121246479,1.1544759970986187,0.13529748544748965,3.2124854046580813,0.4237308917622123,1.2134228317819997,3.8603451623593186,0.0026693599999731447,1.4186744091432968,0.006723431525087577,0.0007972200000000001,3.787716403792074e-5,0.0,0.0,0.0,0.0,0.9986173002270565,0.0022291109472086256,9.772159132534413e-5,2.121328925691415e-6,1.7203459255487696,0.053916538876755515,25.99972126222041,1.4399723337587085
0.03,500.0,29.69739369362301,6.832171635399189,0.7501905520384009,0.1579941267859874,1.9017038313000607,0.5436768885915301,7.139037462478554,1.9268735999299949,1.4464666376082305,3.8806035338317697,0.0037842937430072614,1.4629407986385066,0.008280226891009006,0.0008196199999999999,6.58120184903774e-5,0.0,0.0,0.0,0.0,0.999153070120812,0.001794151943955912,6.94943719454296e-5,3.6945227561841106e-6,2.324957843581727,0.2223112668206118,98.6625612205717,1.2747841827213313
0.03,1000.0,49.35884997561485,15.194702913732609,0.9518305472343382,0.1831133722915298,2.8706432454499797,0.660560819678624,13.143223630353058,4.892783828183565,1.7300250999614393,3.8966694921828156,0.0041127627766443815,1.4978744680265288,0.009020080499298208,0.0008467800000000001,9.519525898558882e-5,0.0,0.0,0.0,0.0,0.9984285087719298,0.0032972617682079544,6.032831676738427e-5,6.5383329721000595e-6,2.7579709572777382,0.3602614531130024,278.0931803392859,4.5839732619575155
0.045,0.1,0.01243667481337198,0.0017776377926939622,0.0034566068906293343,3.304274266441525e-5,0.0034733003215673347,6.610368533911628e-5,0.0034940353418143307,6.49269728076399e-5,0.021235836288499094,3.7616346068426205,0.001996143414876548,1.188128844766819,0.005668013349028985,0.0,NaN,0.0,0.0,NaN,NaN,NaN,NaN,0.0027485991471294597,8.698498228874982e-7,0.27868824902969297,0.0037870189887057814,0.023694559243376042,0.004512456511693484
0.045,0.5,0.06827500746090091,0.017552397789381186,0.016283918172375976,0.0001999829836941686,0.016611001773350634,0.000361503261388928,0.017204069906256322,0.0007134044987955061,0.05783091940137627,3.7680663147145737,0.001688798743612931,1.2069482003577847,0.005226492330797492,1.3399999999999999e-6,7.12117343638751e-7,0.0,0.0,0.0,0.0,1.0,0.0,0.0023955446591578866,1.220481075692515e-6,0.33051864011023696,0.004219427168209954,0.07465634104945254,0.007654961654581393
0.045,1.0,0.11073235278391995,0.008013171210503206,0.032414925267665345,0.0007522131921159546,0.034930434491512646,0.0012415686280399072,0.041398045168628994,0.0022216348533748037,0.24519040256440283,3.7702827270412507,0.0011445603526881465,1.214077118657046,0.0029906639678406394,1.2139999999999999e-5,1.6945664801227353e-6,0.0,0.0,0.0,0.0,1.0,0.0,0.0021352113277067013,1.2701520517481302e-6,0.37182473342124467,0.004960457404711526,0.10248904584407849,0.010486495943987798
0.045,2.0,0.3484250559420754,0.10322993851767948,0.06656256784486811,0.0015400729446117308,0.07852638352144205,0.0027036471263523847,0.10734478032707202,0.007398174190861763,0.32928178807169806,3.7755295841001653,0.0011226828614565455,1.2289918576750758,0.0026226205190943348,7.290000000000001e-5,3.4515696912177963e-6,0.0,0.0,0.0,0.0,1.0,0.0,0.0018139911814718395,1.0828177154056524e-6,0.4236563800723749,0.004213440943032092,0.19397006415569218,0.0143432399450579
0.045,5.0,1.6338594639607416,0.2290143719163806,0.25410482399876516,0.005984109801757731,0.4021501363755834,0.017048515519256565,0.8606305656362695,0.05792016041785811,0.8950882744780484,3.805949416663914,0.000655925203071068,1.2956126935614347,0.0011362889839905102,0.0007996400000000001,2.2254847162409858e-5,0.0,0.0,0.0,0.0,0.9992232980424095,0.0016374353579844954,0.0013568431424920255,1.2296246308648728e-6,0.5253886245702922,0.006915214974596703,0.44928416945805855,0.021841790851824493
0.045,10.0,5.786371925101443,0.3512262519354885,0.8778652965887318,0.033238375228121536,1.7117452197847067,0.08317318305772474,4.677758596346351,0.3076830823593098,1.1607904876426183,3.8379203887456037,0.0005546023770058075,1.3551226878101312,0.0011997717880674792,0.0024773399999999998,3.093176001746073e-5,0.0,0.0,0.0,0.0,0.9996069171273841,0.0006338186579529599,0.0010541550956322168,3.304271008759144e-6,0.622100862288781,0.011678283744120417,1.1557337354388728,0.03670395094129707
0.045,20.0,13.73598428954997,1.1001678438656062,2.0002718007177367,0.08627021851922509,4.315099610081157,0.2434783694257337,13.244092352781436,0.7310418779191452,1.2571347657075194,3.8625660640363657,0.000648762853858269,1.4014849883515679,0.001256418013640277,0.004015479999999999,6.0108657169052514e-5,0.0,0.0,0.0,0.0,0.9995815887540809,0.000604371148610959,0.0008116970492861563,3.376882154180035e-6,0.7429459861670485,0.014928091243085249,3.203231495966574,0.05196849552318267
0.045,50.0,35.55282111670738,3.4804371138283168,4.581675510411258,0.1974505388707127,11.262833594970527,0.5294174363179867,38.5971722969365,2.2613297729046957,1.3075846741566668,3.8898428896970665,0.0007469133740567071,1.4541964010073953,0.001528358887847891,0.005216900000000001,8.34985695153582e-5,0.0,0.0,0.0,0.0,0.9992881122617462,0.0005610780866443917,0.0005908535330935189,4.6242174306033615e-6,0.9493310493173158,0.026109461846318675,10.947345037184707,0.06500479782053031
0.045,100.0,63.8049917725527,8.323862279308885,7.6012070221670305,0.49865915364626945,20.56958856602268,1.5733490298242003,75.04438991217141,5.593273416094802,1.3669637570063085,3.906301686394799,0.0012327442424568034,1.4869068447498681,0.0028932636194633488,0.005453060000000001,9.287123941840722e-5,0.0,0.0,0.0,0.0,0.9995799190428366,0.0007467820397541384,0.0004762304396287296,8.047397556285153e-6,1.1143383173388772,0.03611240025399097,25.35055778385647,0.16127303229969275
0.045,200.0,110.88467093394509,11.106231716439655,11.335904865879888,1.118406537308265,34.927243753404596,3.8150278774524944,139.1198477576088,11.545671543109238,1.3914422991876116,3.9210874746870887,0.0013204911517818204,1.5167557027034824,0.0027762430497965973,0.005589080000000001,9.674521865877068e-5,0.0,0.0,0.0,0.0,0.9995373945323787,0.0005676531736014409,0.00041829518293505106,6.13353877012349e-6,1.3659774860882468,0.06681521817416161,58.89124591743465,1.0124376604718088
0.045,500.0,207.56589297985948,31.429789326799817,15.89400839399125,1.1849807866294764,55.898916665887846,4.569668306919586,255.45230089288296,26.531369725371583,1.5459751228901013,3.934646427963441,0.0009671875332066612,1.5445669281609136,0.0019987883938907764,0.0055504000000000005,0.00010368580745052182,0.0,0.0,0.0,0.0,0.999774739286658,0.0003893364684647005,0.00038019232077691437,1.2030266323966983e-5,1.6053687707859616,0.1765035286185333,148.8422623693376,1.7196443624803965
0.045,1000.0,334.71725269403083,60.557067216477144,20.29617824273442,3.0053085072686985,80.48244666291893,14.835522644937667,421.83939106539594,83.81843630088126,1.5972707712962344,3.941781438684619,0.001789187716045421,1.559505915188811,0.003832631192064475,0.005617779999999999,0.00024260652093461974,0.0,0.0,2.956830277942579e-5,9.35031833284728e-5,0.9996511206027237,0.00048221168021571353,0.00038938569327814714,2.6787776218785394e-5,1.8375133687747958,0.20975892564369097,245.94548049756668,1.761094281788482
0.06,0.1,0.022781019620077,0.005098033946811651,0.006178877374621007,6.036569370711521e-5,0.0062493541298963284,8.137509558441477e-5,0.006300533796849993,0.00013577521301323453,0.028591884756821433,3.7640075930982944,0.001376011565986285,1.1946843697319562,0.0038345459946201423,1.5e-7,1.414213562373095e-7,0.0,0.0,NaN,NaN,1.0,0.0,0.004888691380947821,1.852804280760586e-6,0.28108727227684416,0.005475748278287663,0.031426159315921486,0.004171105268326299
0.06,0.5,0.1139916363619741,0.02335744581473206,0.03148548808240368,0.0004679179799259087,0.034296882710958335,0.0009850322827285442,0.04142009274569785,0.0027578866364308,0.23312950020880513,3.76953183706076,0.0012898912772553834,1.2117621274071182,0.0036760381137623064,1.24e-5,1.6733200530681511e-6,0.0,0.0,0.0,0.0,1.0,0.0,0.004261480744534236,2.0490145487181302e-6,0.33159465527326815,0.0066807176991215056,0.0647278128220741,0.008974970381527161
0.06,1.0,0.2770390565566969,0.024641237317756783,0.07130969871476171,0.0015872197092337344,0.08695116716528298,0.0034760591609770373,0.12209848368961636,0.007135107212896892,0.4089784531151404,3.774274761606697,0.0010606078977401145,1.2244739276790342,0.0023258891969917556,0.00010120000000000001,7.237556370918449e-6,0.0,0.0,0.0,0.0,1.0,0.0,0.003799390228788771,2.414351997434336e-6,0.3674287595384696,0.005446075147595647,0.10700316346265479,0.010113447760491287
0.06,2.0,1.2745360765204237,0.18571842578855097,0.2470331575316207,0.013397719001743733,0.3920942298289038,0.026685709118613822,0.8220386962427643,0.07076091264420133,0.8654178531169406,3.8013658460144244,0.0008137854814250468,1.2836173459588989,0.001494223161395291,0.00092196,3.873990764630763e-5,0.0,0.0,0.0,0.0,0.9981238799459747,0.002685560548652671,0.0032491192991054253,2.9739998641349588e-6,0.4187557006901096,0.006066799956711337,0.23868718084019816,0.011814811023880612
0.06,5.0,10.692270468716854,0.8839168183091773,2.013698157309645,0.07427873660529731,4.260186157697166,0.19590292428707343,12.142513751296619,0.5287159806351107,1.1602816933161744,3.852061656250304,0.0004066439728347866,1.3750732416822369,0.0007440907583734105,0.00564154,5.558265516827666e-5,0.0,0.0,0.0,0.0,0.9988657516120766,0.0007772936438218734,0.0025170876761636467,4.876367337690099e-6,0.4984959596266873,0.005955003624399606,0.8085839582815532,0.018856230313497566
0.06,10.0,24.309855442051262,1.2820898435929402,5.296778452057666,0.15257132179139263,11.967586717793665,0.38964039426198627,35.31047696234189,1.1809428202840975,1.1366618808364721,3.8811865642324177,0.0003981312063725928,1.4269035586163887,0.0008991019241622867,0.0096118,5.638959714935624e-5,0.0,0.0,0.0,0.0,0.999648637167317,0.00037082517608877727,0.002052405025372151,5.264000131775885e-6,0.5763063623334721,0.01868695102499765,2.165227470286767,0.01959258145935461
0.06,20.0,50.16833404440116,2.384552024637991,11.402571560208342,0.29185214004000354,27.025564790730083,0.8766814858868711,79.87361882344872,3.0803800913007096,1.1250999268394533,3.9053589419440833,0.0003778429314579799,1.4702586951425842,0.0007865338649260532,0.01244982,6.294077992667216e-5,0.0,0.0,1.3444474321056e-5,4.251516079818283e-5,0.9997279565440683,0.00031510906868304145,0.0016919530478513886,6.1183625921581415e-6,0.6752229231626614,0.011422792385534463,5.362913195799164,0.025732542215272703
0.06,50.0,111.27238475469966,2.9718859907803186,25.682331404553377,0.7499079103978736,64.39248434531069,1.8375652512547664,189.92885218477699,6.771499133228584,1.122117634661549,3.929788681570205,0.0004162942987208127,1.514831882765486,0.0009715422456811512,0.01418636,8.683546638454962e-5,3.3333333333333334e-9,1.0540925533894598e-8,1.180637544273555e-5,3.733503731012319e-5,0.999595711948318,0.0005109950781229974,0.0013574530646392306,8.126700954697868e-6,0.8099424723583883,0.022695074593156613,15.407859231075657,0.06307007252533667
0.06,100.0,190.41137874750862,10.401843870575082,41.198149824272974,1.6075805373725645,109.15890703944665,4.006940993975248,328.21143962742104,14.017210213960603,1.1109511108989198,3.9433847110788065,0.0005270078425610997,1.5409515845153903,0.00119011571161689,0.0145108,0.00010413815609830801,0.0,0.0,0.0,0.0,0.9998621970265222,0.00011881048411509351,0.0012057979103924392,1.220160933154687e-5,0.9120552643366017,0.029176668258589843,31.97181660544142,0.21814831426741838
0.06,200.0,314.45907559127227,25.752187167083903,58.87006922663211,3.4757156205099315,169.25494693237414,11.359819035129545,533.9313931318939,34.37267481332887,1.1483120346224696,3.9530848212226366,0.0007031194546896094,1.5596770923979588,0.001380498489197587,0.014480199999999999,0.00014823018136218632,6.6666666666666685e-9,1.4054567378526132e-8,3.3589759111585237e-5,7.562629314289623e-5,0.999810741373123,0.00018984868118695372,0.0011271846015491766,1.6635117669124704e-5,1.0387587800067795,0.04937828619961459,58.820432682119765,0.46661709074250945
0.06,500.0,580.991189331523,25.835792482586026,82.43840988781118,2.767061240384258,272.9020040999575,9.166472151161303,991.6861219221964,35.94675655561573,1.25561148658475,3.961048643630414,0.0010725177219672321,1.5758991915060605,0.00229864089363429,0.014429059999999999,0.0002468534256958525,0.0,0.0,0.0,0.0,0.9997555957395567,0.0002406628360210497,0.001123950136646616,2.214024778831653e-5,1.1970114698416174,0.08249868244738685,119.99114226098764,0.45660263908430865
0.06,1000.0,816.2027958950189,64.3146463435506,93.85983095793208,5.7242499368774915,334.78813215298277,24.221910922067885,1385.3498734141153,94.51864682405387,1.4109517524808,3.964955457317141,0.0009769150054369368,1.583700682070203,0.0022564163758838417,0.01451957777777778,0.00026624288618561147,0.0,0.0,0.0,0.0,0.9998427794683329,0.00016694223735133114,0.0011449995582459307,3.816226950759481e-5,1.248904933139665,0.06671522614626396,183.09641940364233,0.7283184820076762
0.075,0.1,0.04187149385175504,0.01910546729288569,0.009712334228846667,0.00011164263876066135,0.009847025637826025,0.00015987730399220795,0.01004148762440266,0.0002924804898812661,0.04000163971783866,3.7653891676442264,0.0017370790458869914,1.1987551302323673,0.005384404982639664,5.199999999999999e-7,3.6757463338907254e-7,0.0,0.0,0.0,0.0,1.0,NaN,0.007639647197812541,2.791088551565792e-6,0.28072896669745606,0.004165670712298677,0.018407828504769404,0.005187099768106938
0.075,0.5,0.22333177337504898,0.03484241001277991,0.057191721717968984,0.0011398699634486056,0.06927952936266014,0.001927068652606375,0.09859169041773871,0.005557499802820281,0.42109897769518473,3.771542984371448,0.0017254592854097223,1.2164951679248075,0.004139421899636086,6.384e-5,5.293853878686953e-6,0.0,0.0,0.0,0.0,0.9900221650221651,0.016269059243563,0.006661363507070632,2.6039246089284244e-6,0.3320372038991375,0.00544064535705336,0.0673277402013599,0.007730801993307697
0.075,1.0,0.8387076635344786,0.09162214794646031,0.1812935033133099,0.013950632760831172,0.26698226110839696,0.0302091821386914,0.5011271967455831,0.07735689429364326,0.7420452219024619,3.792221646532597,0.001258560896584532,1.2639813766809616,0.0022582120074877447,0.0006533600000000001,4.714439285617938e-5,0.0,0.0,0.0,0.0,0.9959487058954875,0.004583100375222045,0.005957593235261085,3.487885845552198e-6,0.36945091624094706,0.003973329021064813,0.1458540000909055,0.00858061043378228
0.075,2.0,6.888212094409113,0.37857932367492403,1.4182400053703488,0.036470750913877525,2.8962675628551664,0.08700684378593665,8.02821714012969,0.28976569225907806,1.1579554857414716,3.8386759337432244,0.0003678123505222204,1.348188256561923,0.000662271300509755,0.0051083000000000005,3.883357653714972e-5,0.0,0.0,3.3244680851063356e-5,0.00010512891157474516,0.9980322854636997,0.0013503914981926103,0.005150004963179465,5.025828010034056e-6,0.4096762540630558,0.007161660523738722,0.3096068717204107,0.012722586572295394
0.075,5.0,27.625639072478013,0.8169026540185542,7.156361742160791,0.1695201055987993,15.913952993781846,0.32289344670940073,44.5604432877827,1.4083391614556757,1.0961862667630728,3.8862893436827646,0.0003382059632663736,1.431354398302521,0.0006805445962949761,0.014306439999999998,7.660187407048932e-5,0.0,0.0,0.0,0.0,0.9994288323185954,0.0003067774359112595,0.004116046739381164,4.205770091842104e-6,0.48318226950907406,0.008171209775803108,1.2376713442142349,0.014359449949789039
0.075,10.0,61.074564614947356,3.012555370044515,16.887066464485937,0.38876348034329256,37.92279709270047,0.8650857217274882,106.2097169393477,3.740834122484555,1.0970506277057182,3.9152779433840665,0.00032362836094740506,1.4811847067113355,0.0006731703188375801,0.02039716,8.748474406686302e-5,0.0,0.0,0.0,0.0,0.9997405038997224,0.00011251794597957497,0.0034857857377217105,5.94059633435873e-6,0.5449843243909026,0.010709224919655687,3.066612787748285,0.01574912976557945
0.075,20.0,114.02278008315076,6.275919271800775,32.84499742090122,0.8942741837156246,74.31128821686994,2.4198826878603468,205.51736664842525,9.166205781131778,1.0743797157164428,3.937779466048242,0.0005060659086708198,1.5197348940133142,0.0008888789304187573,0.024143380000000002,8.707235560791483e-5,0.0,0.0,0.0,0.0,0.9995848488675059,0.0003122922521474168,0.002995998648900989,1.0968312672200011e-5,0.6110135696508268,0.013009121079129998,6.726244399834868,0.021798736304102076
0.075,50.0,234.39479408673964,10.81275633958887,68.28438370188832,1.68782249884374,158.1095185539663,6.616566791603082,432.8621283061316,17.155146901287637,1.0520066724942088,3.9595051957609506,0.0003730245337516193,1.5586100314999678,0.0008095479598399988,0.026138979999999996,0.00012270968267509398,2.733333333333333e-7,5.335184863794712e-7,0.0007115899992604313,0.0014278299627562337,0.999831578665266,0.00013741190768053378,0.002570341910089668,1.864218932388086e-5,0.72096360909337,0.019618377251610242,16.956741401456707,0.058247055906868156
0.075,100.0,392.2811337130538,13.381288675738729,105.09781856565633,4.318170934903941,254.41266610048362,11.777710728493934,716.62050789403,24.683962185559277,1.0903540836614865,3.9699747797597253,0.0007552298116161459,1.5784519439396547,0.0017089194310162344,0.026214579999999998,0.0001595843058281943,6.433333333333335e-7,1.3315775476599546e-6,0.0016554991228481142,0.0032224205751803605,0.9998058631166987,0.00014094614554432844,0.002379675904674838,2.769501506680579e-5,0.809352378510952,0.02796558738159613,31.950772615180195,0.1747748073926367
0.075,200.0,616.699415298071,18.804023111829846,149.12341229600548,3.7097892519190077,394.48009317958156,10.708799478105133,1171.0260068048428,38.177964669753266,1.1064802439356147,3.9769841902705525,0.0009142633512504896,1.591830427379424,0.0016401936373372377,0.026167377777777775,0.00024616672083050637,3.6296296296296297e-7,4.950994413146954e-7,0.0010131698554593689,0.0014758820049850813,0.9998083016581244,0.00015769521722351743,0.002305021955848583,3.7912274690748845e-5,0.8544431587262383,0.044940079839966326,53.48734528041269,0.5041549680887771
0.075,500.0,1141.4426107635927,76.11519053654885,202.25275354798308,6.524477552872987,612.9376851466745,27.220988678918633,2093.5375561458386,71.30023019871507,1.219899676163868,3.9821499922670833,0.00044727822323705277,1.601981906030486,0.0010567647540668467,0.025975619999999998,0.00020911356723082362,1.8000000000000002e-7,2.6814405562663747e-7,0.0004810948419761707,0.0007266430566692819,0.9997505058827624,0.0001719061331130895,0.0023288032661170415,4.105290288698823e-5,0.9810788053848732,0.07160577472405973,105.9882196559028,0.4006708729953426
0.075,1000.0,1608.5165282727219,87.84646196902655,228.3230389101303,5.64467396342931,741.5285442831959,22.489063189906126,2938.108964910061,67.5930245045645,1.4065594181597258,3.984327518164393,0.0001887263518386304,1.6057714264998597,0.0005992648530836066,0.025869355555555557,0.00028084764157417793,3.962962962962963e-7,4.903072858605116e-7,0.00120777125980889,0.0014005744635412262,0.9998641352830451,0.00011241973905325381,0.002342737538401297,5.0024500690867436e-5,1.0299592191727376,0.1728185578462479,184.97175007510617,0.9555182017118201
0.105,0.1,0.076387302492452,0.019334120912229653,0.01958763952775471,0.0004996223242295634,0.02038082147034101,0.0008708122503548709,0.02272585585794501,0.001359864991470361,0.17835187099751015,3.7680552840491606,0.0014249780810458943,1.2053053085552716,0.004050055221327683,4.24e-6,1.1226951698677806e-6,0.0,0.0,0.0,0.0,0.9375,0.1767766952966369,0.014980729814656799,4.321001399058375e-6,0.27864563016082694,0.004623820929305722,0.019514053778397232,0.004759948196039571
0.105,0.5,1.125067870967076,0.18168260756196017,0.25228797892539245,0.015234617605999104,0.4070465770217792,0.029282757766527702,0.8542051013075718,0.07506442628905556,0.8990123250844909,3.7979807712465123,0.0010295198368485286,1.2727569816460225,0.0018046865761339413,0.0011682600000000002,6.85707453008286e-5,0.0,0.0,0.00013262599469495706,0.0004194002201814728,0.9930771662096776,0.004852185741965531,0.013097853621269162,3.9756890741295705e-6,0.33306201389315954,0.006280932056281418,0.08139423993419344,0.0067517838915826115
0.105,1.0,10.350360081743895,0.5064933108425037,2.4751983990077195,0.04512354890735625,5.278166446165391,0.10256726550224804,14.74783190918741,0.27752310054663787,1.1081728483314528,3.8488409708044444,0.0002493190983989385,1.3627707977934334,0.0004697085119308991,0.008818839999999998,5.393904378503982e-5,0.0,0.0,0.0,0.0,0.9977160489590527,0.0010413050877046781,0.011794362340323623,9.128247909472827e-6,0.3655976178217328,0.009205389494392126,0.2057650801617236,0.007975226251141278
0.105,2.0,32.150051414611326,1.4106971536179835,9.337960125836993,0.13355247491442104,20.349024873834463,0.3886315284252837,55.636325096905395,2.2104696740682317,1.0801452878798992,3.8925051006760234,0.00020748880217650716,1.437599779225339,0.0004934895905204171,0.021619080000000002,6.299108931692938e-5,0.0,0.0,0.0,0.0,0.9990362612232623,0.00028926281967665195,0.010375439859080664,6.129664807013266e-6,0.3999470945001349,0.006270661930214933,0.5845718577970823,0.009170906602235046
0.105,5.0,92.16237199132246,2.8859664413657344,30.489372373403967,0.7243803107437711,65.2098102622958,1.8159083726905645,173.0289547818381,4.652142758685781,1.0575266964836114,3.941639463261312,0.00024214612575946268,1.5194652932721864,0.0005946585097195568,0.03888328,9.730046020217774e-5,1.0e-8,3.1622776601683785e-8,2.5464335094560477e-5,5.452473683652359e-5,0.9993836567760234,0.00022199708589016822,0.008708844513369684,1.4467505006028312e-5,0.4520679744313907,0.006540428516795465,1.8668153661029703,0.010296710131090642
0.105,10.0,175.05154506817814,8.464009032109612,59.80648995170406,1.2093299865776173,127.38579981859402,3.2417911776219017,332.95343942555417,14.131834691141075,1.0378398690015027,3.96994292833909,0.0002627951698367766,1.56555828919277,0.0005343785351010833,0.047643859999999996,0.00011273189630465929,2.933333333333333e-7,3.336294980593123e-7,0.0003636086949355799,0.00038282110147038205,0.9997131337357217,0.00017633641330576163,0.007716895472615277,1.8771452017679272e-5,0.49458110898606533,0.00802449789867548,3.9100299406075125,0.00836101927977622
0.105,20.0,302.0821427975281,5.080603050346714,104.77237795550039,1.384420939279456,223.23479004831668,3.4893850304573064,582.2571133748678,10.764237777448129,1.02105047420827,3.989861174889084,0.0008760425034382171,1.5984536303419246,0.0015213164192037264,0.051989766666666666,0.0001578911228241373,2.8722222222222226e-6,1.6570947356632821e-6,0.003765547842530248,0.002359463690451166,0.8748289180176556,0.35348427873803756,0.006920417229782838,1.7789029175268686e-5,0.539293085796894,0.0050654817446529506,7.748679293971449,0.022582580920501773
0.105,50.0,NaN,NaN,NaN,NaN,NaN,NaN,NaN,NaN,NaN,NaN,NaN,NaN,NaN,NaN,NaN,NaN,NaN,NaN,NaN,NaN,NaN,NaN,NaN,NaN,NaN,NaN,NaN
0.105,100.0,NaN,NaN,NaN,NaN,NaN,NaN,NaN,NaN,NaN,NaN,NaN,NaN,NaN,NaN,NaN,NaN,NaN,NaN,NaN,NaN,NaN,NaN,NaN,NaN,NaN,NaN,NaN
0.105,200.0,NaN,NaN,NaN,NaN,NaN,NaN,NaN,NaN,NaN,NaN,NaN,NaN,NaN,NaN,NaN,NaN,NaN,NaN,NaN,NaN,NaN,NaN,NaN,NaN,NaN,NaN,NaN
0.105,500.0,NaN,NaN,NaN,NaN,NaN,NaN,NaN,NaN,NaN,NaN,NaN,NaN,NaN,NaN,NaN,NaN,NaN,NaN,NaN,NaN,NaN,NaN,NaN,NaN,NaN,NaN,NaN
0.105,1000.0,NaN,NaN,NaN,NaN,NaN,NaN,NaN,NaN,NaN,NaN,NaN,NaN,NaN,NaN,NaN,NaN,NaN,NaN,NaN,NaN,NaN,NaN,NaN,NaN,NaN,NaN,NaN
0.135,0.1,0.12426026582525607,0.018620399163881092,0.03617308254447994,0.00044092822953428783,0.040992907197715395,0.0011632324655995693,0.052864382616431296,0.0031870089945163762,0.3331504847895589,3.7696877439544307,0.0012233039797152382,1.2092728871143752,0.003557109928220132,2.3880000000000002e-5,2.5977768272976116e-6,0.0,0.0,0.0,0.0,0.9662698412698413,0.05609619777417998,0.024432700660030456,6.523770519223884e-6,0.2770135075892648,0.0029100840010306194,0.02502666450293028,0.004516684591525013
0.135,0.5,8.92322340209137,0.20870235487961958,2.050767748586315,0.061976256660477,4.32539802859149,0.15269556674683465,12.132014929043141,0.2662381921912069,1.1441696062506568,3.8419437049360248,0.0001813814594291968,1.3485124430766917,0.00032618512468293677,0.00827224,4.4448002079833686e-5,0.0,0.0,0.0,0.0,0.9942691174634304,0.0016436805167078575,0.021331236918450396,8.119736543582038e-6,0.32925660780314325,0.0035562929117889447,0.11521606277988522,0.007061359125805366
0.135,1.0,30.120265059341992,1.0831212278781672,9.107575561068195,0.2687246515826259,19.619597378802755,0.6468258187432601,53.1917756146294,1.3189761315963808,1.064941208280912,3.8908721595394042,0.0003473346687749578,1.4318284897870197,0.0006951008105030406,0.024597420000000002,0.00010391263210558676,0.0,0.0,1.2453307077264774e-5,2.6253885671474332e-5,0.9975821529046704,0.00037071341433941656,0.01934025754266188,1.4372312875653519e-5,0.35759109762940317,0.0050006896413138675,0.31334240069059766,0.006769556814927883
0.135,2.0,74.2916667459124,1.5279359252471418,25.408349655376583,0.4446784500264337,53.914165385883024,0.8121150590513192,140.5792894903772,2.299813088647756,1.034521451114517,3.937627600948967,0.0002006548832444877,1.5091391782579127,0.0003852222981652546,0.04516932,0.00012054388596873903,3.666666666666667e-8,7.105900869030881e-8,4.114649751761901e-5,6.206529393332746e-5,0.9989060523471641,0.00036421325750754725,0.017317406988775666,1.177405015488533e-5,0.3869173753747503,0.00523090045660476,0.7578871323043542,0.0068474998505895805
0.135,5.0,187.25099710467958,6.1751465283774,67.3193037606499,0.6030900045389588,140.18321029959222,2.171430772684755,361.8835572909417,12.922318919406413,1.0275793384744702,3.9896048150317123,0.00017613142134229463,1.5917480225116276,0.00039444250878152874,0.06808235,0.00014468360554771226,1.0875e-6,3.737147286536863e-7,0.0010384546595227223,0.00036676974053442704,0.888572162155884,0.3332145758112865,0.014976838012821798,1.655396081881456e-5,0.43797239218192724,0.007536412603304066,2.150826762148258,0.009105849186349562
0.135,10.0,NaN,NaN,NaN,NaN,NaN,NaN,NaN,NaN,NaN,NaN,NaN,NaN,NaN,NaN,NaN,NaN,NaN,NaN,NaN,NaN,NaN,NaN,NaN,NaN,NaN,NaN,NaN
0.135,20.0,NaN,NaN,NaN,NaN,NaN,NaN,NaN,NaN,NaN,NaN,NaN,NaN,NaN,NaN,NaN,NaN,NaN,NaN,NaN,NaN,NaN,NaN,NaN,NaN,NaN,NaN,NaN
0.135,50.0,NaN,NaN,NaN,NaN,NaN,NaN,NaN,NaN,NaN,NaN,NaN,NaN,NaN,NaN,NaN,NaN,NaN,NaN,NaN,NaN,NaN,NaN,NaN,NaN,NaN,NaN,NaN
0.135,100.0,NaN,NaN,NaN,NaN,NaN,NaN,NaN,NaN,NaN,NaN,NaN,NaN,NaN,NaN,NaN,NaN,NaN,NaN,NaN,NaN,NaN,NaN,NaN,NaN,NaN,NaN,NaN
0.135,200.0,NaN,NaN,NaN,NaN,NaN,NaN,NaN,NaN,NaN,NaN,NaN,NaN,NaN,NaN,NaN,NaN,NaN,NaN,NaN,NaN,NaN,NaN,NaN,NaN,NaN,NaN,NaN
0.135,500.0,NaN,NaN,NaN,NaN,NaN,NaN,NaN,NaN,NaN,NaN,NaN,NaN,NaN,NaN,NaN,NaN,NaN,NaN,NaN,NaN,NaN,NaN,NaN,NaN,NaN,NaN,NaN
0.135,1000.0,NaN,NaN,NaN,NaN,NaN,NaN,NaN,NaN,NaN,NaN,NaN,NaN,NaN,NaN,NaN,NaN,NaN,NaN,NaN,NaN,NaN,NaN,NaN,NaN,NaN,NaN,NaN
